№,Date,Time,Username,Profile,Comment,Price,Username_lower
1,2025-12-29,19:45:11,vmxb,1H,up-989-12.29.25-,500,vmxb
2,2025-12-29,19:47:43,idmh,1H,up-989-12.29.25-,500,idmh
3,2025-12-29,20:09:43,jsde,1H,up-989-12.29.25-,500,jsde
4,2025-12-29,20:12:09,rkjk,1H,up-989-12.29.25-,500,rkjk
5,2025-12-29,20:55:33,bnja,1H,up-989-12.29.25-,500,bnja
6,2025-12-30,06:50:17,nvmv,1H,up-989-12.29.25-,500,nvmv
7,2025-12-30,07:57:52,vakp,2h,up-429-12.28.25-2h,1000,vakp
8,2025-12-30,09:31:07,ezwc,1H,up-989-12.29.25-,500,ezwc
9,2025-12-30,09:39:14,cfys,2h,up-429-12.28.25-2h,1000,cfys
10,2025-12-30,10:11:39,njcw,2h,up-429-12.28.25-2h,1000,njcw
11,2025-12-30,12:15:07,iwcg,1H,up-989-12.29.25-,500,iwcg
12,2025-12-30,15:46:03,ywka,2h,up-429-12.28.25-2h,1000,ywka
13,2025-12-30,17:37:19,uidc,1H,up-989-12.29.25-,500,uidc
14,2025-12-30,17:45:42,msgu,2h,up-429-12.28.25-2h,1000,msgu
15,2025-12-31,09:18:13,bfbt,1H,up-989-12.29.25-,500,bfbt
16,2025-12-31,12:30:33,amtt,1H,up-989-12.29.25-,500,amtt
17,2025-12-31,12:42:33,agvx,1H,up-989-12.29.25-,500,agvx
18,2025-12-31,19:06:03,fkdn,1H,up-989-12.29.25-,500,fkdn
19,2026-01-01,09:20:02,wijv,1H,up-989-12.29.25-,500,wijv
20,2026-01-01,01:48:55,kwch,1H,up-989-12.29.25-,500,kwch
21,2026-01-01,13:38:10,ucfj,1H,up-272-12.31.25-,500,ucfj
22,2026-01-01,13:46:13,vnhu,1H,up-911-12.31.25-,500,vnhu
23,2026-01-01,16:45:06,kvfb,1H,up-793-01.01.26-,500,kvfb
24,2026-01-01,18:28:29,jbkw,1H,up-315-01.01.26-,500,jbkw
25,2026-01-02,08:35:37,garw,1H,up-315-01.01.26-,500,garw
26,2026-01-02,13:42:24,tisb,1H,up-315-01.01.26-,500,tisb
27,2026-01-03,08:09:44,bnmg,1H,up-315-01.01.26-,500,bnmg
28,2026-01-03,09:14:22,ztgm,1H,up-315-01.01.26-,500,ztgm
29,2026-01-03,18:16:25,hyts,1H,up-896-01.02.26-fifa,500,hyts
30,2026-01-04,11:16:40,jydy,1H,up-896-01.02.26-fifa,500,jydy
31,2026-01-04,16:39:18,rpwc,1H,up-239-01.02.26-1H,500,rpwc
32,2026-01-05,08:08:37,xcvm,1H,up-239-01.02.26-1H,500,xcvm
33,2026-01-05,18:26:32,netc,1H,up-896-01.02.26-fifa,500,netc
34,2026-01-05,18:58:44,dywn,1H,up-239-01.02.26-1H,500,dywn
35,2026-01-06,08:41:29,zybg,1H,up-239-01.02.26-1H,500,zybg
36,2026-01-06,08:53:06,cxdf,1H,up-551-01.02.26-,500,cxdf
37,2026-01-06,10:03:18,piij,1H,up-875-01.03.26-,500,piij
38,2026-03-19,18:55:54,sdbd,1H,up-680-03.19.26-1h,500,sdbd
39,2026-03-19,19:39:21,ynti,1H,up-680-03.19.26-1h,500,ynti
40,2026-03-20,07:50:18,fnvt,1H,up-680-03.19.26-1h,500,fnvt
41,2026-03-20,08:45:37,czex,1H,up-680-03.19.26-1h,500,czex
42,2026-03-20,10:00:04,xnra,1H,up-680-03.19.26-1h,500,xnra
43,2026-03-20,10:00:06,ghnr,1H,up-680-03.19.26-1h,500,ghnr
44,2026-03-20,10:28:46,dyfi,1H,up-680-03.19.26-1h,500,dyfi
45,2026-03-20,11:06:36,ucxf,1H,up-680-03.19.26-1h,500,ucxf
46,2026-03-20,11:49:01,ygwc,1H,up-680-03.19.26-1h,500,ygwc
47,2026-03-20,14:17:59,epdd,1H,up-680-03.19.26-1h,500,epdd
48,2026-03-20,14:27:47,rfbk,1H,up-680-03.19.26-1h,500,rfbk
49,2026-03-20,14:41:12,tnfr,1H,up-680-03.19.26-1h,500,tnfr
50,2026-03-20,15:49:52,zwav,1H,up-680-03.19.26-1h,500,zwav
51,2026-03-20,16:25:01,ewzm,1H,up-680-03.19.26-1h,500,ewzm
52,2026-03-20,16:26:45,yyyv,1H,up-680-03.19.26-1h,500,yyyv
53,2026-03-20,17:17:48,tdka,1H,up-680-03.19.26-1h,500,tdka
54,2026-03-20,17:32:26,ahdr,1H,up-680-03.19.26-1h,500,ahdr
55,2026-03-20,17:37:56,vuxe,1H,up-680-03.19.26-1h,500,vuxe
56,2026-03-20,17:49:03,sfrw,1H,up-680-03.19.26-1h,500,sfrw
57,2026-03-20,18:15:37,vtxj,1H,up-680-03.19.26-1h,500,vtxj
58,2026-03-20,19:07:00,aref,1H,up-680-03.19.26-1h,500,aref
59,2026-03-20,19:20:03,gvvp,1H,up-680-03.19.26-1h,500,gvvp
60,2026-03-21,08:13:47,tfec,1H,up-680-03.19.26-1h,500,tfec
61,2026-03-21,10:14:57,fzcf,1H,up-680-03.19.26-1h,500,fzcf
62,2026-03-21,17:15:58,rwze,1H,up-680-03.19.26-1h,500,rwze
63,2026-03-21,19:10:21,hmcz,1H,up-680-03.19.26-1h,500,hmcz
64,2026-03-21,20:32:48,fmdt,1H,up-680-03.19.26-1h,500,fmdt
65,2026-03-22,07:42:45,xnkr,1H,up-680-03.19.26-1h,500,xnkr
66,2026-03-22,08:23:36,ftst,1H,up-680-03.19.26-1h,500,ftst
67,2026-03-22,09:32:58,zfte,1H,up-680-03.19.26-1h,500,zfte
68,2026-03-22,10:37:41,bmin,1H,up-680-03.19.26-1h,500,bmin
69,2026-03-22,11:27:45,nmuc,1H,up-680-03.19.26-1h,500,nmuc
70,2026-03-22,11:41:42,hnrr,1H,up-249-03.22.26-,500,hnrr
71,2026-03-22,13:05:41,cdpx,1H,up-680-03.19.26-1h,500,cdpx
72,2026-03-22,13:08:07,aste,1H,up-680-03.19.26-1h,500,aste
73,2026-03-22,13:49:07,fksx,1H,up-680-03.19.26-1h,500,fksx
74,2026-03-22,14:54:07,avit,1H,up-656-03.22.26-1h,500,avit
75,2026-03-22,14:54:10,cpak,1H,up-656-03.22.26-1h,500,cpak
76,2026-03-22,15:00:48,mgii,1H,up-656-03.22.26-1h,500,mgii
77,2026-03-22,15:20:00,xcxx,1H,up-656-03.22.26-1h,500,xcxx
78,2026-03-22,15:21:07,zuej,1H,up-656-03.22.26-1h,500,zuej
79,2026-03-22,16:28:52,bahw,1H,up-656-03.22.26-1h,500,bahw
80,2026-03-22,18:13:10,kkgc,1H,up-656-03.22.26-1h,500,kkgc
81,2026-03-22,18:26:51,gkjs,1H,up-656-03.22.26-1h,500,gkjs
82,2026-03-22,18:33:13,prmc,1H,up-656-03.22.26-1h,500,prmc
83,2026-03-22,18:37:23,vyjf,1H,up-656-03.22.26-1h,500,vyjf
84,2026-03-22,18:40:24,krsc,1H,up-656-03.22.26-1h,500,krsc
85,2026-03-22,18:41:54,uurk,1H,up-656-03.22.26-1h,500,uurk
86,2026-03-22,18:56:49,zahh,1H,up-656-03.22.26-1h,500,zahh
87,2026-03-22,19:03:32,vjwv,1H,up-656-03.22.26-1h,500,vjwv
88,2026-03-22,19:36:17,njci,1H,up-656-03.22.26-1h,500,njci
89,2026-03-23,08:53:37,sfcu,1H,up-656-03.22.26-1h,500,sfcu
90,2026-03-23,10:18:40,txyf,1H,up-656-03.22.26-1h,500,txyf
91,2026-03-23,10:22:34,dfzj,1H,up-656-03.22.26-1h,500,dfzj
92,2026-03-23,10:29:33,szfc,1H,up-656-03.22.26-1h,500,szfc
93,2026-03-23,11:31:53,hxax,1H,up-656-03.22.26-1h,500,hxax
94,2026-03-23,12:47:52,ghyf,3mois,up-220-03.23.26-,40000,ghyf
95,2026-03-23,15:04:30,gewz,1H,up-656-03.22.26-1h,500,gewz
96,2026-03-23,15:18:12,whik,1H,up-656-03.22.26-1h,500,whik
97,2026-03-23,15:57:49,wfhs,1H,up-656-03.22.26-1h,500,wfhs
98,2026-03-23,16:04:30,astb,1H,up-656-03.22.26-1h,500,astb
99,2026-03-23,18:31:21,wnbu,1H,up-656-03.22.26-1h,500,wnbu
100,2026-03-23,19:19:56,fgdw,1H,up-656-03.22.26-1h,500,fgdw
101,2026-03-23,19:28:05,nbfi,1H,up-656-03.22.26-1h,500,nbfi
102,2026-03-24,08:48:34,swwa,1H,up-656-03.22.26-1h,500,swwa
103,2026-03-24,09:51:20,jded,1H,up-656-03.22.26-1h,500,jded
104,2026-03-24,10:32:31,mwkr,1H,up-656-03.22.26-1h,500,mwkr
105,2026-03-24,10:47:35,zwhi,1H,up-656-03.22.26-1h,500,zwhi
106,2026-03-24,11:28:30,nvvt,1H,up-656-03.22.26-1h,500,nvvt
107,2026-03-24,15:21:22,zyem,1H,up-656-03.22.26-1h,500,zyem
108,2026-03-24,15:32:48,mime,1H,up-656-03.22.26-1h,500,mime
109,2026-03-24,16:08:37,jipx,1H,up-576-03.24.26-,500,jipx
110,2026-03-24,16:39:57,jgtu,1H,up-576-03.24.26-,500,jgtu
111,2026-03-24,16:56:16,kpin,1H,up-576-03.24.26-,500,kpin
112,2026-03-24,17:09:14,kdun,1H,up-576-03.24.26-,500,kdun
113,2026-03-24,17:10:24,asms,1H,up-576-03.24.26-,500,asms
114,2026-03-25,07:48:43,kepy,1H,up-576-03.24.26-,500,kepy
115,2026-03-25,09:04:44,nwdb,1H,up-576-03.24.26-,500,nwdb
116,2026-03-25,09:05:19,ixbc,1H,up-576-03.24.26-,500,ixbc
117,2026-03-25,09:18:10,zmuv,1H,up-576-03.24.26-,500,zmuv
118,2026-03-25,10:20:57,imwu,1H,up-576-03.24.26-,500,imwu
119,2026-03-25,14:01:14,rzat,1H,up-576-03.24.26-,500,rzat
120,2026-03-25,15:01:56,zpgr,1H,up-576-03.24.26-,500,zpgr
121,2026-03-25,15:04:09,iseg,1H,up-576-03.24.26-,500,iseg
122,2026-03-25,16:02:29,bhmr,1H,up-576-03.24.26-,500,bhmr
123,2026-03-25,16:10:33,evkn,1H,up-576-03.24.26-,500,evkn
124,2026-03-25,16:48:11,fxua,1H,up-576-03.24.26-,500,fxua
125,2026-03-25,17:40:01,kfgd,1H,up-576-03.24.26-,500,kfgd
126,2026-03-25,17:41:19,utvc,1H,up-576-03.24.26-,500,utvc
127,2026-03-25,18:12:11,bvdm,1H,up-576-03.24.26-,500,bvdm
128,2026-03-25,19:29:21,zaed,1H,up-576-03.24.26-,500,zaed
129,2026-03-25,20:50:07,usgd,1H,up-576-03.24.26-,500,usgd
130,2026-03-26,07:39:27,natj,1H,up-576-03.24.26-,500,natj
131,2026-03-26,08:15:19,ccbb,1H,up-576-03.24.26-,500,ccbb
132,2026-03-26,10:38:13,svms,1H,up-656-03.22.26-1h,500,svms
133,2026-03-26,11:05:44,vnmk,1H,up-576-03.24.26-,500,vnmk
134,2026-03-26,11:23:52,afmw,1H,up-576-03.24.26-,500,afmw
135,2026-03-26,15:12:07,rpuy,1H,up-576-03.24.26-,500,rpuy
136,2026-03-26,15:12:41,dchu,1H,up-576-03.24.26-,500,dchu
137,2026-03-26,15:27:12,zuvn,1H,up-576-03.24.26-,500,zuvn
138,2026-03-26,16:01:48,xvsw,1H,up-576-03.24.26-,500,xvsw
139,2026-03-26,16:29:37,axxn,1H,up-576-03.24.26-,500,axxn
140,2026-03-26,16:48:58,euhr,1H,up-576-03.24.26-,500,euhr
141,2026-03-26,17:09:33,hgca,1H,up-656-03.22.26-1h,500,hgca
142,2026-03-26,17:49:11,txct,1H,up-576-03.24.26-,500,txct
143,2026-03-26,19:47:37,thwx,1H,up-576-03.24.26-,500,thwx
144,2026-03-26,21:17:29,ypyr,1H,up-576-03.24.26-,500,ypyr
145,2026-03-27,08:57:40,wnkw,1H,up-772-03.27.26-1h,500,wnkw
146,2026-03-27,09:43:36,jhke,1H,up-772-03.27.26-1h,500,jhke
147,2026-03-27,10:21:29,xghy,1H,up-772-03.27.26-1h,500,xghy
148,2026-03-27,10:43:02,kfzv,1H,up-772-03.27.26-1h,500,kfzv
149,2026-03-27,11:23:54,azyi,1H,up-772-03.27.26-1h,500,azyi
150,2026-03-27,12:16:42,ftpu,1H,up-772-03.27.26-1h,500,ftpu
151,2026-03-27,12:42:39,tbte,1H,up-772-03.27.26-1h,500,tbte
152,2026-03-27,12:42:44,wdba,1H,up-772-03.27.26-1h,500,wdba
153,2026-03-27,13:01:12,prjd,1H,up-772-03.27.26-1h,500,prjd
154,2026-03-27,13:53:16,mmxm,1H,up-772-03.27.26-1h,500,mmxm
155,2026-03-27,13:56:08,irfb,1H,up-772-03.27.26-1h,500,irfb
156,2026-03-27,14:49:11,czxn,1H,up-772-03.27.26-1h,500,czxn
157,2026-03-27,14:50:46,ykpu,1H,up-772-03.27.26-1h,500,ykpu
158,2026-03-27,15:00:10,ucpa,1H,up-772-03.27.26-1h,500,ucpa
159,2026-03-27,16:36:45,rxxc,1H,up-772-03.27.26-1h,500,rxxc
160,2026-03-27,16:38:54,murs,1H,up-772-03.27.26-1h,500,murs
161,2026-03-27,19:18:40,gpkj,1H,up-772-03.27.26-1h,500,gpkj
162,2026-03-28,09:31:43,zdgx,1H,up-772-03.27.26-1h,500,zdgx
163,2026-03-28,11:22:42,zdpp,1H,up-772-03.27.26-1h,500,zdpp
164,2026-03-28,11:22:42,gepr,1H,up-772-03.27.26-1h,500,gepr
165,2026-03-28,13:41:37,kkxr,1H,up-772-03.27.26-1h,500,kkxr
166,2026-03-28,14:35:48,thta,1H,up-772-03.27.26-1h,500,thta
167,2026-03-28,14:56:11,pktt,1H,up-772-03.27.26-1h,500,pktt
168,2026-03-28,15:17:32,ydmf,1H,up-772-03.27.26-1h,500,ydmf
169,2026-03-28,15:58:13,yfii,1H,up-772-03.27.26-1h,500,yfii
170,2026-03-29,08:04:40,tbef,1H,up-772-03.27.26-1h,500,tbef
171,2026-03-29,09:08:49,pwvx,1H,up-772-03.27.26-1h,500,pwvx
172,2026-03-29,10:06:09,xyjb,1H,up-772-03.27.26-1h,500,xyjb
173,2026-03-29,10:08:13,jnsn,1H,up-772-03.27.26-1h,500,jnsn
174,2026-03-29,10:45:50,jegp,1H,up-772-03.27.26-1h,500,jegp
175,2026-03-29,11:00:15,meai,1H,up-772-03.27.26-1h,500,meai
176,2026-03-29,13:02:43,fdzm,1H,up-772-03.27.26-1h,500,fdzm
177,2026-03-29,14:09:21,tsyk,1H,up-772-03.27.26-1h,500,tsyk
178,2026-03-29,14:53:39,cimu,1H,up-772-03.27.26-1h,500,cimu
179,2026-03-29,14:54:10,smif,1H,up-772-03.27.26-1h,500,smif
180,2026-03-29,16:21:03,bymp,1H,up-591-03.29.26-,500,bymp
181,2026-03-29,17:51:14,zmkw,1H,up-571-03.29.26-1h,500,zmkw
182,2026-03-29,17:52:38,tdnp,1H,up-772-03.27.26-1h,500,tdnp
183,2026-03-29,18:01:22,whbm,1H,up-571-03.29.26-1h,500,whbm
184,2026-03-29,18:54:34,ifkr,1H,up-571-03.29.26-1h,500,ifkr
185,2026-03-30,10:07:06,udfg,1H,up-571-03.29.26-1h,500,udfg
186,2026-03-30,11:10:07,befi,1H,up-571-03.29.26-1h,500,befi
187,2026-03-30,11:12:38,pgwc,1H,up-571-03.29.26-1h,500,pgwc
188,2026-03-30,12:12:46,mdth,1H,up-571-03.29.26-1h,500,mdth
189,2026-03-30,12:16:37,frak,1H,up-571-03.29.26-1h,500,frak
190,2026-03-30,14:30:15,yzhb,1H,up-571-03.29.26-1h,500,yzhb
191,2026-03-30,15:07:28,hena,1H,up-571-03.29.26-1h,500,hena
192,2026-03-30,15:08:48,wgfz,1H,up-571-03.29.26-1h,500,wgfz
193,2026-03-30,18:33:52,antp,1H,up-571-03.29.26-1h,500,antp
194,2026-03-30,18:58:39,cgzk,1H,up-571-03.29.26-1h,500,cgzk
195,2026-03-30,19:36:51,pzka,1H,up-571-03.29.26-1h,500,pzka
196,2026-03-30,20:54:07,uxxa,1H,up-571-03.29.26-1h,500,uxxa
197,2026-03-31,08:10:42,emyp,1H,up-571-03.29.26-1h,500,emyp
198,2026-03-31,09:18:24,jebm,1H,up-571-03.29.26-1h,500,jebm
199,2026-03-31,09:18:48,gkfx,1H,up-571-03.29.26-1h,500,gkfx
200,2026-03-31,10:15:52,yenj,1H,up-571-03.29.26-1h,500,yenj
201,2026-03-31,11:17:55,uywn,1H,up-571-03.29.26-1h,500,uywn
202,2026-03-31,12:20:22,nicb,1H,up-571-03.29.26-1h,500,nicb
203,2026-03-31,14:24:56,tyrd,1H,up-571-03.29.26-1h,500,tyrd
204,2026-03-31,14:39:33,ijtn,1H,up-571-03.29.26-1h,500,ijtn
205,2026-03-31,15:03:59,grpw,1H,up-571-03.29.26-1h,500,grpw
206,2026-03-31,15:29:29,vrtf,1H,up-571-03.29.26-1h,500,vrtf
207,2026-03-31,16:02:44,xrsi,1H,up-571-03.29.26-1h,500,xrsi
208,2026-03-31,17:09:24,rzah,1H,up-571-03.29.26-1h,500,rzah
209,2026-03-31,17:13:27,ukvw,1H,up-571-03.29.26-1h,500,ukvw
210,2026-03-31,18:15:19,fgup,1H,up-571-03.29.26-1h,500,fgup
211,2026-03-31,18:33:51,gsvc,1H,up-571-03.29.26-1h,500,gsvc
212,2026-03-31,19:02:14,iswk,1H,up-571-03.29.26-1h,500,iswk
213,2026-03-31,19:33:19,xfpc,1H,up-571-03.29.26-1h,500,xfpc
214,2026-04-01,08:09:31,rfsh,1H,up-832-03.31.26-1h,500,rfsh
215,2026-04-01,08:28:00,yczv,1H,up-571-03.29.26-1h,500,yczv
216,2026-04-01,08:28:21,uvbu,1H,up-571-03.29.26-1h,500,uvbu
217,2026-04-01,08:43:59,rged,1H,up-832-03.31.26-1h,500,rged
218,2026-04-01,09:15:03,ydyj,1H,up-832-03.31.26-1h,500,ydyj
219,2026-04-01,09:41:42,kfic,1H,up-832-03.31.26-1h,500,kfic
220,2026-04-01,15:08:23,ytsf,1H,up-832-03.31.26-1h,500,ytsf
221,2026-04-01,17:26:22,adun,1H,up-832-03.31.26-1h,500,adun
222,2026-04-01,19:12:38,zjxk,1H,up-832-03.31.26-1h,500,zjxk
223,2026-04-02,07:51:26,zmne,1H,up-832-03.31.26-1h,500,zmne
224,2026-04-02,08:54:54,hvdj,1H,up-832-03.31.26-1h,500,hvdj
225,2026-04-02,10:03:08,hydp,1H,up-832-03.31.26-1h,500,hydp
226,2026-04-02,11:07:07,pmau,1H,up-832-03.31.26-1h,500,pmau
227,2026-04-02,17:46:47,jupr,1H,up-832-03.31.26-1h,500,jupr
228,2026-04-02,18:12:14,jfwt,1H,up-832-03.31.26-1h,500,jfwt
229,2026-04-02,18:48:33,esxw,1H,up-832-03.31.26-1h,500,esxw
230,2026-04-02,19:08:54,kkxa,1H,up-832-03.31.26-1h,500,kkxa
231,2026-04-03,09:40:06,jugb,1H,up-832-03.31.26-1h,500,jugb
232,2026-04-03,10:21:28,rbgi,1H,up-832-03.31.26-1h,500,rbgi
233,2026-04-03,10:29:54,xjpg,1H,up-832-03.31.26-1h,500,xjpg
234,2026-04-03,13:05:49,gsnk,1H,up-832-03.31.26-1h,500,gsnk
235,2026-04-03,14:11:43,hspv,1H,up-832-03.31.26-1h,500,hspv
236,2026-04-03,17:42:24,wisn,1H,up-832-03.31.26-1h,500,wisn
237,2026-04-03,17:54:47,etcd,1H,up-832-03.31.26-1h,500,etcd
238,2026-04-03,18:13:48,kjbr,1H,up-832-03.31.26-1h,500,kjbr
239,2026-04-03,18:58:49,jzie,1H,up-571-03.29.26-1h,500,jzie
240,2026-04-03,18:58:52,ddid,1H,up-571-03.29.26-1h,500,ddid
241,2026-04-03,19:02:07,pduu,1H,up-832-03.31.26-1h,500,pduu
242,2026-04-03,19:15:49,vmgz,1H,up-832-03.31.26-1h,500,vmgz
243,2026-04-03,19:15:54,xspc,1H,up-832-03.31.26-1h,500,xspc
244,2026-04-03,19:23:56,wier,1H,up-832-03.31.26-1h,500,wier
245,2026-04-03,19:47:58,wesp,1H,up-832-03.31.26-1h,500,wesp
246,2026-04-03,19:55:46,tnde,1H,up-832-03.31.26-1h,500,tnde
247,2026-04-03,20:11:40,tpmr,1H,up-832-03.31.26-1h,500,tpmr
248,2026-04-03,20:20:55,dhyn,1H,up-832-03.31.26-1h,500,dhyn
249,2026-04-04,10:01:25,ficb,1H,up-832-03.31.26-1h,500,ficb
250,2026-04-04,13:35:11,xnfy,1H,up-832-03.31.26-1h,500,xnfy
251,2026-04-04,18:52:26,jjgb,1H,up-743-04.04.26-1h,500,jjgb
252,2026-04-04,20:29:59,jpsx,1H,up-743-04.04.26-1h,500,jpsx
253,2026-04-04,20:34:55,sdzu,1H,up-743-04.04.26-1h,500,sdzu
254,2026-04-05,11:15:06,cbfi,1H,up-743-04.04.26-1h,500,cbfi
255,2026-04-05,12:56:50,xbpf,1H,up-743-04.04.26-1h,500,xbpf
256,2026-04-05,13:10:58,mvrb,1H,up-743-04.04.26-1h,500,mvrb
257,2026-04-05,13:34:12,erdw,1H,up-743-04.04.26-1h,500,erdw
258,2026-04-05,14:37:00,smbd,1H,up-743-04.04.26-1h,500,smbd
259,2026-04-05,14:45:17,chdb,1H,up-743-04.04.26-1h,500,chdb
260,2026-04-05,17:11:32,gfcb,1H,up-743-04.04.26-1h,500,gfcb
261,2026-04-05,19:20:00,seas,1H,up-743-04.04.26-1h,500,seas
262,2026-04-05,19:21:20,wumg,1H,up-743-04.04.26-1h,500,wumg
263,2026-04-05,20:34:35,tbji,1H,up-743-04.04.26-1h,500,tbji
264,2026-04-06,10:49:09,hjwv,1H,up-743-04.04.26-1h,500,hjwv
265,2026-04-06,11:11:27,aedh,1H,up-743-04.04.26-1h,500,aedh
266,2026-04-06,11:54:34,spxj,1H,up-743-04.04.26-1h,500,spxj
267,2026-04-06,12:13:14,tskd,1H,up-743-04.04.26-1h,500,tskd
268,2026-04-06,13:11:39,dtyu,1H,up-743-04.04.26-1h,500,dtyu
269,2026-04-06,13:11:50,abhe,1H,up-743-04.04.26-1h,500,abhe
270,2026-04-06,13:14:19,amyg,1H,up-743-04.04.26-1h,500,amyg
271,2026-04-06,15:36:58,whkk,1H,up-743-04.04.26-1h,500,whkk
272,2026-04-06,18:21:02,sizu,1H,up-743-04.04.26-1h,500,sizu
273,2026-04-06,18:50:14,nkdy,1H,up-743-04.04.26-1h,500,nkdy
274,2026-04-06,19:11:34,vzvv,1H,up-743-04.04.26-1h,500,vzvv
275,2026-04-07,08:25:49,cvck,1H,up-743-04.04.26-1h,500,cvck
276,2026-04-07,08:56:39,gctz,1H,up-743-04.04.26-1h,500,gctz
277,2026-04-07,08:57:32,znza,1H,up-743-04.04.26-1h,500,znza
278,2026-04-07,09:14:03,feei,1H,up-743-04.04.26-1h,500,feei
279,2026-04-07,09:22:34,amak,1H,up-743-04.04.26-1h,500,amak
280,2026-04-07,10:33:16,trvd,1H,up-743-04.04.26-1h,500,trvd
281,2026-04-07,10:53:50,mmzh,1H,up-743-04.04.26-1h,500,mmzh
282,2026-04-07,11:21:38,xzrv,1H,up-743-04.04.26-1h,500,xzrv
283,2026-04-07,11:21:47,cgzu,1H,up-743-04.04.26-1h,500,cgzu
284,2026-04-07,11:41:54,gcft,1H,up-380-04.07.26-1h,500,gcft
285,2026-04-07,11:53:22,yzat,1H,up-743-04.04.26-1h,500,yzat
286,2026-04-07,12:00:53,ekep,1H,up-380-04.07.26-1h,500,ekep
287,2026-04-07,12:39:51,mtiz,1H,up-380-04.07.26-1h,500,mtiz
288,2026-04-07,12:57:47,ghrp,1H,up-380-04.07.26-1h,500,ghrp
289,2026-04-07,15:45:00,nady,1H,up-380-04.07.26-1h,500,nady
290,2026-04-07,16:34:44,ixny,1H,up-380-04.07.26-1h,500,ixny
291,2026-04-08,11:07:40,pbed,1H,up-380-04.07.26-1h,500,pbed
292,2026-04-08,14:52:40,agfv,1H,up-380-04.07.26-1h,500,agfv
293,2026-04-08,15:50:39,wyyj,1H,up-380-04.07.26-1h,500,wyyj
294,2026-04-08,16:53:29,hmjh,1H,up-380-04.07.26-1h,500,hmjh
295,2026-04-08,16:54:06,fefb,1H,up-380-04.07.26-1h,500,fefb
296,2026-04-08,16:58:10,rjng,1H,up-380-04.07.26-1h,500,rjng
297,2026-04-08,16:58:34,zehe,1H,up-380-04.07.26-1h,500,zehe
298,2026-04-08,16:59:45,zhnc,1H,up-380-04.07.26-1h,500,zhnc
299,2026-04-08,17:11:24,wrxv,1H,up-380-04.07.26-1h,500,wrxv
300,2026-04-08,18:08:04,tpdb,1H,up-380-04.07.26-1h,500,tpdb
301,2026-04-08,18:13:15,pytx,1H,up-380-04.07.26-1h,500,pytx
302,2026-04-08,19:25:03,nzmy,1H,up-380-04.07.26-1h,500,nzmy
303,2026-04-09,09:45:02,rtcy,1H,up-380-04.07.26-1h,500,rtcy
304,2026-04-08,04:23:52,snpy,1H,up-380-04.07.26-1h,500,snpy
305,2026-04-08,04:24:06,zdmw,1H,up-380-04.07.26-1h,500,zdmw
306,2026-04-09,13:59:09,vfyp,1H,up-380-04.07.26-1h,500,vfyp
307,2026-04-09,14:52:34,vszj,1H,up-380-04.07.26-1h,500,vszj
308,2026-04-09,18:42:27,dmwk,1H,up-380-04.07.26-1h,500,dmwk
309,2026-04-10,12:29:20,hncs,1H,up-380-04.07.26-1h,500,hncs
310,2026-04-10,12:44:18,nfef,1H,up-380-04.07.26-1h,500,nfef
311,2026-04-10,12:44:51,uesb,1H,up-380-04.07.26-1h,500,uesb
312,2026-04-10,13:35:59,ybyc,1H,up-380-04.07.26-1h,500,ybyc
313,2026-04-10,13:47:33,nnpg,1H,up-380-04.07.26-1h,500,nnpg
314,2026-04-10,14:04:28,ntkh,1H,up-380-04.07.26-1h,500,ntkh
315,2026-04-10,14:55:23,xkxa,1H,up-339-04.10.26-1h,500,xkxa
316,2026-04-10,14:56:45,gkrz,1H,up-339-04.10.26-1h,500,gkrz
317,2026-04-10,15:00:55,zxiy,1H,up-339-04.10.26-1h,500,zxiy
318,2026-04-10,16:33:42,jmht,1H,up-339-04.10.26-1h,500,jmht
319,2026-04-10,17:04:09,rksm,1H,up-339-04.10.26-1h,500,rksm
320,2026-04-10,17:07:42,inxi,1H,up-339-04.10.26-1h,500,inxi
321,2026-04-10,17:36:20,avuj,1H,up-339-04.10.26-1h,500,avuj
322,2026-04-10,20:20:33,zpeg,1H,up-339-04.10.26-1h,500,zpeg
323,2026-04-11,16:14:26,dyhm,1H,up-339-04.10.26-1h,500,dyhm
324,2026-04-11,16:45:27,ymut,1H,up-339-04.10.26-1h,500,ymut
325,2026-04-11,17:03:37,dwzg,1H,up-339-04.10.26-1h,500,dwzg
326,2026-04-11,17:58:31,hfvm,1H,up-339-04.10.26-1h,500,hfvm
327,2026-04-11,17:59:56,cswn,1H,up-339-04.10.26-1h,500,cswn
328,2026-04-11,19:02:26,jfva,1H,up-339-04.10.26-1h,500,jfva
329,2026-04-11,19:21:44,ymjt,1H,up-339-04.10.26-1h,500,ymjt
330,2026-04-11,19:22:32,hwpb,1H,up-339-04.10.26-1h,500,hwpb
331,2026-04-11,20:00:46,jkdj,1H,up-339-04.10.26-1h,500,jkdj
332,2026-04-12,09:10:13,zgrt,1H,up-339-04.10.26-1h,500,zgrt
333,2026-04-12,09:15:00,uhcn,1H,up-339-04.10.26-1h,500,uhcn
334,2026-04-12,09:45:57,ytzz,1H,up-339-04.10.26-1h,500,ytzz
335,2026-04-12,12:03:06,bejb,1H,up-339-04.10.26-1h,500,bejb
336,2026-04-12,13:17:32,xren,1H,up-339-04.10.26-1h,500,xren
337,2026-04-12,17:32:36,mvfd,1H,up-380-04.07.26-1h,500,mvfd
338,2026-04-12,17:40:32,xezh,1H,up-339-04.10.26-1h,500,xezh
339,2026-04-12,18:32:34,fxgv,1H,up-339-04.10.26-1h,500,fxgv
340,2026-04-12,19:34:09,psys,1H,up-339-04.10.26-1h,500,psys
341,2026-04-12,19:45:17,hyfz,1H,up-339-04.10.26-1h,500,hyfz
342,2026-04-12,20:18:01,fady,1H,up-339-04.10.26-1h,500,fady
343,2026-04-12,21:21:04,yffy,1H,up-339-04.10.26-1h,500,yffy
344,2026-04-13,10:23:07,zmzc,1H,up-339-04.10.26-1h,500,zmzc
345,2026-04-13,10:23:50,ajsd,1H,up-339-04.10.26-1h,500,ajsd
346,2026-04-13,10:42:53,fhxx,1H,up-339-04.10.26-1h,500,fhxx
347,2026-04-13,10:45:17,xzzi,1H,up-339-04.10.26-1h,500,xzzi
348,2026-04-13,11:27:52,mytp,1H,up-339-04.10.26-1h,500,mytp
349,2026-04-13,17:04:23,tdpw,1H,up-730-04.13.26-1h,500,tdpw
350,2026-04-13,19:46:59,jbdh,1H,up-730-04.13.26-1h,500,jbdh
351,2026-04-14,08:09:29,sgbc,1H,up-730-04.13.26-1h,500,sgbc
352,2026-04-14,08:15:34,rfzx,1H,up-730-04.13.26-1h,500,rfzx
353,2026-04-14,10:45:29,rujf,1H,up-730-04.13.26-1h,500,rujf
354,2026-04-14,11:46:06,bjde,1H,up-730-04.13.26-1h,500,bjde
355,2026-04-14,14:53:41,vvab,1H,up-730-04.13.26-1h,500,vvab
356,2026-04-14,15:56:09,ypnn,1H,up-730-04.13.26-1h,500,ypnn
357,2026-04-14,18:28:40,hpyb,1H,up-730-04.13.26-1h,500,hpyb
358,2026-04-15,13:22:27,nxhf,1H,up-730-04.13.26-1h,500,nxhf
359,2026-04-15,14:13:31,cnjc,1H,up-730-04.13.26-1h,500,cnjc
360,2026-04-15,14:24:08,zjmn,1H,up-730-04.13.26-1h,500,zjmn
361,2026-04-15,16:21:04,hjba,1H,up-730-04.13.26-1h,500,hjba
362,2026-04-15,16:45:51,pigs,1H,up-730-04.13.26-1h,500,pigs
363,2026-04-15,17:39:41,ihct,1H,up-730-04.13.26-1h,500,ihct
364,2026-04-15,20:29:38,ftsj,1H,up-730-04.13.26-1h,500,ftsj
365,2026-04-16,08:12:52,rygg,1H,up-730-04.13.26-1h,500,rygg
366,2026-04-16,12:40:50,tmad,1H,up-730-04.13.26-1h,500,tmad
367,2026-04-16,14:04:11,nsuz,1H,up-730-04.13.26-1h,500,nsuz
368,2026-04-16,16:03:40,jtfh,1H,up-730-04.13.26-1h,500,jtfh
369,2026-04-16,18:45:53,wjmb,1H,up-730-04.13.26-1h,500,wjmb
370,2026-04-16,19:51:44,ydvi,1H,up-730-04.13.26-1h,500,ydvi
371,2026-04-16,19:53:40,xmvn,1H,up-730-04.13.26-1h,500,xmvn
372,2026-04-16,19:54:14,cmbu,1H,up-730-04.13.26-1h,500,cmbu
373,2026-04-17,11:15:49,xxvi,1H,up-730-04.13.26-1h,500,xxvi
374,2026-04-17,11:18:25,uujx,1H,up-730-04.13.26-1h,500,uujx
375,2026-04-17,11:50:12,pabc,1H,up-730-04.13.26-1h,500,pabc
376,2026-04-17,11:53:30,bgvb,1H,up-730-04.13.26-1h,500,bgvb
377,2026-04-17,13:12:35,pyfy,1H,up-730-04.13.26-1h,500,pyfy
378,2026-04-17,15:32:51,urjf,1H,up-730-04.13.26-1h,500,urjf
379,2026-04-17,15:58:23,ixkv,1H,up-339-04.10.26-1h,500,ixkv
380,2026-04-17,16:39:05,bihv,1H,up-730-04.13.26-1h,500,bihv
381,2026-04-17,16:50:01,bctz,1H,up-339-04.10.26-1h,500,bctz
382,2026-04-17,17:00:59,btje,1H,up-730-04.13.26-1h,500,btje
383,2026-04-17,17:31:11,rehx,1H,up-730-04.13.26-1h,500,rehx
384,2026-04-17,18:00:38,tyyx,1H,up-730-04.13.26-1h,500,tyyx
385,2026-04-17,18:24:03,zcbf,1H,up-339-04.10.26-1h,500,zcbf
386,2026-04-17,18:38:04,acvv,1H,up-734-04.17.26-,500,acvv
387,2026-04-17,19:55:26,gkhc,1H,up-331-04.17.26-1h,500,gkhc
388,2026-04-17,20:27:42,gepy,1H,up-331-04.17.26-1h,500,gepy
389,2026-04-18,08:46:07,ikzt,1H,up-331-04.17.26-1h,500,ikzt
390,2026-04-18,10:23:01,spgc,1H,up-331-04.17.26-1h,500,spgc
391,2026-04-18,10:23:21,gwxk,1H,up-331-04.17.26-1h,500,gwxk
392,2026-04-18,12:57:04,fnpc,1H,up-331-04.17.26-1h,500,fnpc
393,2026-04-18,13:27:07,rrur,1H,up-331-04.17.26-1h,500,rrur
394,2026-04-18,14:34:08,ijdi,1H,up-331-04.17.26-1h,500,ijdi
395,2026-04-18,18:22:00,fshc,1H,up-331-04.17.26-1h,500,fshc
396,2026-04-18,20:16:16,jres,1H,up-331-04.17.26-1h,500,jres
397,2026-04-19,09:41:04,ywfv,1H,up-331-04.17.26-1h,500,ywfv
398,2026-04-19,11:05:59,pznj,1H,up-331-04.17.26-1h,500,pznj
399,2026-04-19,11:57:50,vnmf,1H,up-331-04.17.26-1h,500,vnmf
400,2026-04-19,12:03:27,wtnn,1H,up-331-04.17.26-1h,500,wtnn
401,2026-04-19,12:59:33,bvfk,1H,up-331-04.17.26-1h,500,bvfk
402,2026-04-19,13:10:13,xzam,1H,up-331-04.17.26-1h,500,xzam
403,2026-04-19,13:22:34,xkce,1H,up-331-04.17.26-1h,500,xkce
404,2026-04-19,13:48:20,sjyg,1H,up-331-04.17.26-1h,500,sjyg
405,2026-04-19,14:20:55,zhxs,1H,up-331-04.17.26-1h,500,zhxs
406,2026-04-19,14:44:29,anhx,1H,up-331-04.17.26-1h,500,anhx
407,2026-04-19,15:48:59,dkhr,1H,up-331-04.17.26-1h,500,dkhr
408,2026-04-19,16:58:01,fhur,1H,up-331-04.17.26-1h,500,fhur
409,2026-04-19,17:06:49,cwdd,1H,up-331-04.17.26-1h,500,cwdd
410,2026-04-19,17:30:14,btev,1H,up-331-04.17.26-1h,500,btev
411,2026-04-19,17:38:55,szea,1H,up-331-04.17.26-1h,500,szea
412,2026-04-19,18:06:53,euym,1H,up-331-04.17.26-1h,500,euym
413,2026-04-19,19:06:17,knkt,1H,up-331-04.17.26-1h,500,knkt
414,2026-04-20,08:16:34,iveu,1H,up-331-04.17.26-1h,500,iveu
415,2026-04-20,09:31:44,zzcw,1H,up-331-04.17.26-1h,500,zzcw
416,2026-04-20,10:11:23,raus,1H,up-331-04.17.26-1h,500,raus
417,2026-04-20,10:13:50,hkpz,1H,up-331-04.17.26-1h,500,hkpz
418,2026-04-20,10:25:34,haiu,1H,up-331-04.17.26-1h,500,haiu
419,2026-04-20,12:00:50,bpwt,1H,up-331-04.17.26-1h,500,bpwt
420,2026-04-20,14:28:43,tevd,1H,up-331-04.17.26-1h,500,tevd
421,2026-04-20,15:33:51,gyfs,1H,up-331-04.17.26-1h,500,gyfs
422,2026-04-20,16:36:12,ubvy,1H,up-331-04.17.26-1h,500,ubvy
423,2026-04-20,17:17:19,ezys,1H,up-508-04.20.26-,500,ezys
424,2026-04-20,17:58:37,zwhf,1H,up-424-04.20.26-1h,500,zwhf
425,2026-04-20,18:19:17,vyge,1H,up-424-04.20.26-1h,500,vyge
426,2026-04-20,18:49:19,drxe,1H,up-424-04.20.26-1h,500,drxe
427,2026-04-20,19:59:53,gazb,1H,up-424-04.20.26-1h,500,gazb
428,2026-04-21,09:29:05,nejy,1H,up-424-04.20.26-1h,500,nejy
429,2026-04-21,10:36:40,ngud,1H,up-424-04.20.26-1h,500,ngud
430,2026-04-21,12:37:47,drxg,1H,up-424-04.20.26-1h,500,drxg
431,2026-04-21,15:20:35,jdbc,1H,up-424-04.20.26-1h,500,jdbc
432,2026-04-21,18:59:16,rnff,1H,up-424-04.20.26-1h,500,rnff
433,2026-04-22,08:35:47,psnw,1H,up-424-04.20.26-1h,500,psnw
434,2026-04-22,09:37:11,zyia,1H,up-424-04.20.26-1h,500,zyia
435,2026-04-22,09:37:52,wwrg,1H,up-424-04.20.26-1h,500,wwrg
436,2026-04-22,10:08:49,vjmg,1H,up-424-04.20.26-1h,500,vjmg
437,2026-04-22,11:20:13,wkyy,1H,up-424-04.20.26-1h,500,wkyy
438,2026-04-22,11:46:45,dida,1H,up-424-04.20.26-1h,500,dida
439,2026-04-22,11:50:39,fjhn,1H,up-424-04.20.26-1h,500,fjhn
440,2026-04-22,13:53:19,ehfk,1H,up-424-04.20.26-1h,500,ehfk
441,2026-04-22,14:17:49,vayy,1H,up-424-04.20.26-1h,500,vayy
442,2026-04-22,14:20:22,yfie,1H,up-424-04.20.26-1h,500,yfie
443,2026-04-22,14:50:38,hxeg,1H,up-424-04.20.26-1h,500,hxeg
444,2026-04-22,15:48:47,usve,1H,up-424-04.20.26-1h,500,usve
445,2026-04-22,15:50:54,ryvk,1H,up-424-04.20.26-1h,500,ryvk
446,2026-04-22,16:26:21,gcdx,1H,up-424-04.20.26-1h,500,gcdx
447,2026-04-22,16:36:32,tfzt,1H,up-424-04.20.26-1h,500,tfzt
448,2026-04-22,16:59:45,rfsn,1H,up-424-04.20.26-1h,500,rfsn
449,2026-04-23,08:51:15,gvkd,1H,up-609-04.22.26-1h,500,gvkd
450,2026-04-23,11:27:39,ytpg,1H,up-609-04.22.26-1h,500,ytpg
451,2026-04-23,12:01:29,rpki,1H,up-609-04.22.26-1h,500,rpki
452,2026-04-23,12:33:01,eyhs,1H,up-609-04.22.26-1h,500,eyhs
453,2026-04-23,12:33:27,nmyr,1H,up-609-04.22.26-1h,500,nmyr
454,2026-04-23,13:05:28,crww,1H,up-609-04.22.26-1h,500,crww
455,2026-04-23,13:40:16,efih,1H,up-609-04.22.26-1h,500,efih
456,2026-04-23,15:59:46,ficg,1H,up-609-04.22.26-1h,500,ficg
457,2026-04-23,16:00:13,wpxf,1H,up-609-04.22.26-1h,500,wpxf
458,2026-04-23,16:00:16,itee,1H,up-609-04.22.26-1h,500,itee
459,2026-04-23,16:00:22,verk,1H,up-609-04.22.26-1h,500,verk
460,2026-04-23,16:21:38,ytgw,1H,up-609-04.22.26-1h,500,ytgw
461,2026-04-23,16:39:23,exmh,1H,up-609-04.22.26-1h,500,exmh
462,2026-04-23,17:45:10,tnng,1H,up-609-04.22.26-1h,500,tnng
463,2026-04-23,19:47:37,rsph,1H,up-609-04.22.26-1h,500,rsph
464,2026-04-24,11:06:06,pizj,1H,up-424-04.20.26-1h,500,pizj
465,2026-04-24,11:35:17,zzmy,1H,up-424-04.20.26-1h,500,zzmy
466,2026-04-24,09:10:43,uvzy,1H,up-609-04.22.26-1h,500,uvzy
467,2026-04-24,09:36:05,xcjv,1H,up-609-04.22.26-1h,500,xcjv
468,2026-04-24,10:01:08,dakm,1H,up-609-04.22.26-1h,500,dakm
469,2026-04-24,10:38:50,ckyb,1H,up-609-04.22.26-1h,500,ckyb
470,2026-04-24,12:41:01,rsgr,1H,up-609-04.22.26-1h,500,rsgr
471,2026-04-25,11:07:16,hrvr,1H,up-609-04.22.26-1h,500,hrvr
472,2026-04-25,14:53:43,kvec,1H,up-609-04.22.26-1h,500,kvec
473,2026-04-25,14:59:29,nyev,1H,up-609-04.22.26-1h,500,nyev
474,2026-04-25,15:56:16,krwm,1H,up-609-04.22.26-1h,500,krwm
475,2026-04-25,15:56:24,thai,1H,up-609-04.22.26-1h,500,thai
476,2026-04-25,16:03:10,spdw,1H,up-609-04.22.26-1h,500,spdw
477,2026-04-25,16:47:51,tzgn,1H,up-609-04.22.26-1h,500,tzgn
478,2026-04-25,17:07:18,ujgj,1H,up-609-04.22.26-1h,500,ujgj
479,2026-04-25,19:17:50,grxv,1H,up-609-04.22.26-1h,500,grxv
480,2026-04-26,09:45:07,cgyz,1H,up-609-04.22.26-1h,500,cgyz
481,2026-04-26,10:21:02,kbpr,1H,up-609-04.22.26-1h,500,kbpr
482,2026-04-26,10:21:35,ygds,1H,up-609-04.22.26-1h,500,ygds
483,2026-04-26,10:29:08,jpxj,1H,up-609-04.22.26-1h,500,jpxj
484,2026-04-26,11:06:34,vbfi,1H,up-609-04.22.26-1h,500,vbfi
