1,2025-12-29 00:00:00,19:45:11,vmxb,1H,up-989-12.29.25-,500.0
2,2025-12-29 00:00:00,19:47:43,idmh,1H,up-989-12.29.25-,500.0
3,2025-12-29 00:00:00,20:09:43,jsde,1H,up-989-12.29.25-,500.0
4,2025-12-29 00:00:00,20:12:09,rkjk,1H,up-989-12.29.25-,500.0
5,2025-12-29 00:00:00,20:55:33,bnja,1H,up-989-12.29.25-,500.0
6,2025-12-30 00:00:00,06:50:17,nvmv,1H,up-989-12.29.25-,500.0
7,2025-12-30 00:00:00,07:57:52,vakp,2h,up-429-12.28.25-2h,1000.0
8,2025-12-30 00:00:00,09:31:07,ezwc,1H,up-989-12.29.25-,500.0
9,2025-12-30 00:00:00,09:39:14,cfys,2h,up-429-12.28.25-2h,1000.0
10,2025-12-30 00:00:00,10:11:39,njcw,2h,up-429-12.28.25-2h,1000.0
11,2025-12-30 00:00:00,12:15:07,iwcg,1H,up-989-12.29.25-,500.0
12,2025-12-30 00:00:00,15:46:03,ywka,2h,up-429-12.28.25-2h,1000.0
13,2025-12-30 00:00:00,17:37:19,uidc,1H,up-989-12.29.25-,500.0
14,2025-12-30 00:00:00,17:45:42,msgu,2h,up-429-12.28.25-2h,1000.0
15,2025-12-31 00:00:00,09:18:13,bfbt,1H,up-989-12.29.25-,500.0
16,2025-12-31 00:00:00,12:30:33,amtt,1H,up-989-12.29.25-,500.0
17,2025-12-31 00:00:00,12:42:33,agvx,1H,up-989-12.29.25-,500.0
18,2025-12-31 00:00:00,19:06:03,fkdn,1H,up-989-12.29.25-,500.0
19,2026-01-01 00:00:00,09:20:02,wijv,1H,up-989-12.29.25-,500.0
20,2026-01-01 00:00:00,01:48:55,kwch,1H,up-989-12.29.25-,500.0
21,2026-01-01 00:00:00,13:38:10,ucfj,1H,up-272-12.31.25-,500.0
22,2026-01-01 00:00:00,13:46:13,vnhu,1H,up-911-12.31.25-,500.0
23,2026-01-01 00:00:00,16:45:06,kvfb,1H,up-793-01.01.26-,500.0
24,2026-01-01 00:00:00,18:28:29,jbkw,1H,up-315-01.01.26-,500.0
25,2026-01-02 00:00:00,08:35:37,garw,1H,up-315-01.01.26-,500.0
26,2026-01-02 00:00:00,13:42:24,tisb,1H,up-315-01.01.26-,500.0
27,2026-01-03 00:00:00,08:09:44,bnmg,1H,up-315-01.01.26-,500.0
28,2026-01-03 00:00:00,09:14:22,ztgm,1H,up-315-01.01.26-,500.0
29,2026-01-03 00:00:00,18:16:25,hyts,1H,up-896-01.02.26-fifa,500.0
30,2026-01-04 00:00:00,11:16:40,jydy,1H,up-896-01.02.26-fifa,500.0
31,2026-01-04 00:00:00,16:39:18,rpwc,1H,up-239-01.02.26-1H,500.0
32,2026-01-05 00:00:00,08:08:37,xcvm,1H,up-239-01.02.26-1H,500.0
33,2026-01-05 00:00:00,18:26:32,netc,1H,up-896-01.02.26-fifa,500.0
34,2026-01-05 00:00:00,18:58:44,dywn,1H,up-239-01.02.26-1H,500.0
35,2026-01-06 00:00:00,08:41:29,zybg,1H,up-239-01.02.26-1H,500.0
36,2026-01-06 00:00:00,08:53:06,cxdf,1H,up-551-01.02.26-,500.0
37,2026-01-06 00:00:00,10:03:18,piij,1H,up-875-01.03.26-,500.0
38,2026-03-19 00:00:00,18:55:54,sdbd,1H,up-680-03.19.26-1h,500.0
39,2026-03-19 00:00:00,19:39:21,ynti,1H,up-680-03.19.26-1h,500.0
40,2026-03-20 00:00:00,07:50:18,fnvt,1H,up-680-03.19.26-1h,500.0
41,2026-03-20 00:00:00,08:45:37,czex,1H,up-680-03.19.26-1h,500.0
42,2026-03-20 00:00:00,10:00:04,xnra,1H,up-680-03.19.26-1h,500.0
43,2026-03-20 00:00:00,10:00:06,ghnr,1H,up-680-03.19.26-1h,500.0
44,2026-03-20 00:00:00,10:28:46,dyfi,1H,up-680-03.19.26-1h,500.0
45,2026-03-20 00:00:00,11:06:36,ucxf,1H,up-680-03.19.26-1h,500.0
46,2026-03-20 00:00:00,11:49:01,ygwc,1H,up-680-03.19.26-1h,500.0
47,2026-03-20 00:00:00,14:17:59,epdd,1H,up-680-03.19.26-1h,500.0
48,2026-03-20 00:00:00,14:27:47,rfbk,1H,up-680-03.19.26-1h,500.0
49,2026-03-20 00:00:00,14:41:12,tnfr,1H,up-680-03.19.26-1h,500.0
50,2026-03-20 00:00:00,15:49:52,zwav,1H,up-680-03.19.26-1h,500.0
51,2026-03-20 00:00:00,16:25:01,ewzm,1H,up-680-03.19.26-1h,500.0
52,2026-03-20 00:00:00,16:26:45,yyyv,1H,up-680-03.19.26-1h,500.0
53,2026-03-20 00:00:00,17:17:48,tdka,1H,up-680-03.19.26-1h,500.0
54,2026-03-20 00:00:00,17:32:26,ahdr,1H,up-680-03.19.26-1h,500.0
55,2026-03-20 00:00:00,17:37:56,vuxe,1H,up-680-03.19.26-1h,500.0
56,2026-03-20 00:00:00,17:49:03,sfrw,1H,up-680-03.19.26-1h,500.0
57,2026-03-20 00:00:00,18:15:37,vtxj,1H,up-680-03.19.26-1h,500.0
58,2026-03-20 00:00:00,19:07:00,aref,1H,up-680-03.19.26-1h,500.0
59,2026-03-20 00:00:00,19:20:03,gvvp,1H,up-680-03.19.26-1h,500.0
60,2026-03-21 00:00:00,08:13:47,tfec,1H,up-680-03.19.26-1h,500.0
61,2026-03-21 00:00:00,10:14:57,fzcf,1H,up-680-03.19.26-1h,500.0
62,2026-03-21 00:00:00,17:15:58,rwze,1H,up-680-03.19.26-1h,500.0
63,2026-03-21 00:00:00,19:10:21,hmcz,1H,up-680-03.19.26-1h,500.0
64,2026-03-21 00:00:00,20:32:48,fmdt,1H,up-680-03.19.26-1h,500.0
65,2026-03-22 00:00:00,07:42:45,xnkr,1H,up-680-03.19.26-1h,500.0
66,2026-03-22 00:00:00,08:23:36,ftst,1H,up-680-03.19.26-1h,500.0
67,2026-03-22 00:00:00,09:32:58,zfte,1H,up-680-03.19.26-1h,500.0
68,2026-03-22 00:00:00,10:37:41,bmin,1H,up-680-03.19.26-1h,500.0
69,2026-03-22 00:00:00,11:27:45,nmuc,1H,up-680-03.19.26-1h,500.0
70,2026-03-22 00:00:00,11:41:42,hnrr,1H,up-249-03.22.26-,500.0
71,2026-03-22 00:00:00,13:05:41,cdpx,1H,up-680-03.19.26-1h,500.0
72,2026-03-22 00:00:00,13:08:07,aste,1H,up-680-03.19.26-1h,500.0
73,2026-03-22 00:00:00,13:49:07,fksx,1H,up-680-03.19.26-1h,500.0
74,2026-03-22 00:00:00,14:54:07,avit,1H,up-656-03.22.26-1h,500.0
75,2026-03-22 00:00:00,14:54:10,cpak,1H,up-656-03.22.26-1h,500.0
76,2026-03-22 00:00:00,15:00:48,mgii,1H,up-656-03.22.26-1h,500.0
77,2026-03-22 00:00:00,15:20:00,xcxx,1H,up-656-03.22.26-1h,500.0
78,2026-03-22 00:00:00,15:21:07,zuej,1H,up-656-03.22.26-1h,500.0
79,2026-03-22 00:00:00,16:28:52,bahw,1H,up-656-03.22.26-1h,500.0
80,2026-03-22 00:00:00,18:13:10,kkgc,1H,up-656-03.22.26-1h,500.0
81,2026-03-22 00:00:00,18:26:51,gkjs,1H,up-656-03.22.26-1h,500.0
82,2026-03-22 00:00:00,18:33:13,prmc,1H,up-656-03.22.26-1h,500.0
83,2026-03-22 00:00:00,18:37:23,vyjf,1H,up-656-03.22.26-1h,500.0
84,2026-03-22 00:00:00,18:40:24,krsc,1H,up-656-03.22.26-1h,500.0
85,2026-03-22 00:00:00,18:41:54,uurk,1H,up-656-03.22.26-1h,500.0
86,2026-03-22 00:00:00,18:56:49,zahh,1H,up-656-03.22.26-1h,500.0
87,2026-03-22 00:00:00,19:03:32,vjwv,1H,up-656-03.22.26-1h,500.0
88,2026-03-22 00:00:00,19:36:17,njci,1H,up-656-03.22.26-1h,500.0
89,2026-03-23 00:00:00,08:53:37,sfcu,1H,up-656-03.22.26-1h,500.0
90,2026-03-23 00:00:00,10:18:40,txyf,1H,up-656-03.22.26-1h,500.0
91,2026-03-23 00:00:00,10:22:34,dfzj,1H,up-656-03.22.26-1h,500.0
92,2026-03-23 00:00:00,10:29:33,szfc,1H,up-656-03.22.26-1h,500.0
93,2026-03-23 00:00:00,11:31:53,hxax,1H,up-656-03.22.26-1h,500.0
94,2026-03-23 00:00:00,12:47:52,ghyf,3mois,up-220-03.23.26-,40000.0
95,2026-03-23 00:00:00,15:04:30,gewz,1H,up-656-03.22.26-1h,500.0
96,2026-03-23 00:00:00,15:18:12,whik,1H,up-656-03.22.26-1h,500.0
97,2026-03-23 00:00:00,15:57:49,wfhs,1H,up-656-03.22.26-1h,500.0
98,2026-03-23 00:00:00,16:04:30,astb,1H,up-656-03.22.26-1h,500.0
99,2026-03-23 00:00:00,18:31:21,wnbu,1H,up-656-03.22.26-1h,500.0
100,2026-03-23 00:00:00,19:19:56,fgdw,1H,up-656-03.22.26-1h,500.0
101,2026-03-23 00:00:00,19:28:05,nbfi,1H,up-656-03.22.26-1h,500.0
102,2026-03-24 00:00:00,08:48:34,swwa,1H,up-656-03.22.26-1h,500.0
103,2026-03-24 00:00:00,09:51:20,jded,1H,up-656-03.22.26-1h,500.0
104,2026-03-24 00:00:00,10:32:31,mwkr,1H,up-656-03.22.26-1h,500.0
105,2026-03-24 00:00:00,10:47:35,zwhi,1H,up-656-03.22.26-1h,500.0
106,2026-03-24 00:00:00,11:28:30,nvvt,1H,up-656-03.22.26-1h,500.0
107,2026-03-24 00:00:00,15:21:22,zyem,1H,up-656-03.22.26-1h,500.0
108,2026-03-24 00:00:00,15:32:48,mime,1H,up-656-03.22.26-1h,500.0
109,2026-03-24 00:00:00,16:08:37,jipx,1H,up-576-03.24.26-,500.0
110,2026-03-24 00:00:00,16:39:57,jgtu,1H,up-576-03.24.26-,500.0
111,2026-03-24 00:00:00,16:56:16,kpin,1H,up-576-03.24.26-,500.0
112,2026-03-24 00:00:00,17:09:14,kdun,1H,up-576-03.24.26-,500.0
113,2026-03-24 00:00:00,17:10:24,asms,1H,up-576-03.24.26-,500.0
114,2026-03-25 00:00:00,07:48:43,kepy,1H,up-576-03.24.26-,500.0
115,2026-03-25 00:00:00,09:04:44,nwdb,1H,up-576-03.24.26-,500.0
116,2026-03-25 00:00:00,09:05:19,ixbc,1H,up-576-03.24.26-,500.0
117,2026-03-25 00:00:00,09:18:10,zmuv,1H,up-576-03.24.26-,500.0
118,2026-03-25 00:00:00,10:20:57,imwu,1H,up-576-03.24.26-,500.0
119,2026-03-25 00:00:00,14:01:14,rzat,1H,up-576-03.24.26-,500.0
120,2026-03-25 00:00:00,15:01:56,zpgr,1H,up-576-03.24.26-,500.0
121,2026-03-25 00:00:00,15:04:09,iseg,1H,up-576-03.24.26-,500.0
122,2026-03-25 00:00:00,16:02:29,bhmr,1H,up-576-03.24.26-,500.0
123,2026-03-25 00:00:00,16:10:33,evkn,1H,up-576-03.24.26-,500.0
124,2026-03-25 00:00:00,16:48:11,fxua,1H,up-576-03.24.26-,500.0
125,2026-03-25 00:00:00,17:40:01,kfgd,1H,up-576-03.24.26-,500.0
126,2026-03-25 00:00:00,17:41:19,utvc,1H,up-576-03.24.26-,500.0
127,2026-03-25 00:00:00,18:12:11,bvdm,1H,up-576-03.24.26-,500.0
128,2026-03-25 00:00:00,19:29:21,zaed,1H,up-576-03.24.26-,500.0
129,2026-03-25 00:00:00,20:50:07,usgd,1H,up-576-03.24.26-,500.0
130,2026-03-26 00:00:00,07:39:27,natj,1H,up-576-03.24.26-,500.0
131,2026-03-26 00:00:00,08:15:19,ccbb,1H,up-576-03.24.26-,500.0
132,2026-03-26 00:00:00,10:38:13,svms,1H,up-656-03.22.26-1h,500.0
133,2026-03-26 00:00:00,11:05:44,vnmk,1H,up-576-03.24.26-,500.0
134,2026-03-26 00:00:00,11:23:52,afmw,1H,up-576-03.24.26-,500.0
135,2026-03-26 00:00:00,15:12:07,rpuy,1H,up-576-03.24.26-,500.0
136,2026-03-26 00:00:00,15:12:41,dchu,1H,up-576-03.24.26-,500.0
137,2026-03-26 00:00:00,15:27:12,zuvn,1H,up-576-03.24.26-,500.0
138,2026-03-26 00:00:00,16:01:48,xvsw,1H,up-576-03.24.26-,500.0
139,2026-03-26 00:00:00,16:29:37,axxn,1H,up-576-03.24.26-,500.0
140,2026-03-26 00:00:00,16:48:58,euhr,1H,up-576-03.24.26-,500.0
141,2026-03-26 00:00:00,17:09:33,hgca,1H,up-656-03.22.26-1h,500.0
142,2026-03-26 00:00:00,17:49:11,txct,1H,up-576-03.24.26-,500.0
143,2026-03-26 00:00:00,19:47:37,thwx,1H,up-576-03.24.26-,500.0
144,2026-03-26 00:00:00,21:17:29,ypyr,1H,up-576-03.24.26-,500.0
145,2026-03-27 00:00:00,08:57:40,wnkw,1H,up-772-03.27.26-1h,500.0
146,2026-03-27 00:00:00,09:43:36,jhke,1H,up-772-03.27.26-1h,500.0
147,2026-03-27 00:00:00,10:21:29,xghy,1H,up-772-03.27.26-1h,500.0
148,2026-03-27 00:00:00,10:43:02,kfzv,1H,up-772-03.27.26-1h,500.0
149,2026-03-27 00:00:00,11:23:54,azyi,1H,up-772-03.27.26-1h,500.0
150,2026-03-27 00:00:00,12:16:42,ftpu,1H,up-772-03.27.26-1h,500.0
151,2026-03-27 00:00:00,12:42:39,tbte,1H,up-772-03.27.26-1h,500.0
152,2026-03-27 00:00:00,12:42:44,wdba,1H,up-772-03.27.26-1h,500.0
153,2026-03-27 00:00:00,13:01:12,prjd,1H,up-772-03.27.26-1h,500.0
154,2026-03-27 00:00:00,13:53:16,mmxm,1H,up-772-03.27.26-1h,500.0
155,2026-03-27 00:00:00,13:56:08,irfb,1H,up-772-03.27.26-1h,500.0
156,2026-03-27 00:00:00,14:49:11,czxn,1H,up-772-03.27.26-1h,500.0
157,2026-03-27 00:00:00,14:50:46,ykpu,1H,up-772-03.27.26-1h,500.0
158,2026-03-27 00:00:00,15:00:10,ucpa,1H,up-772-03.27.26-1h,500.0
159,2026-03-27 00:00:00,16:36:45,rxxc,1H,up-772-03.27.26-1h,500.0
160,2026-03-27 00:00:00,16:38:54,murs,1H,up-772-03.27.26-1h,500.0
161,2026-03-27 00:00:00,19:18:40,gpkj,1H,up-772-03.27.26-1h,500.0
162,2026-03-28 00:00:00,09:31:43,zdgx,1H,up-772-03.27.26-1h,500.0
163,2026-03-28 00:00:00,11:22:42,zdpp,1H,up-772-03.27.26-1h,500.0
164,2026-03-28 00:00:00,11:22:42,gepr,1H,up-772-03.27.26-1h,500.0
165,2026-03-28 00:00:00,13:41:37,kkxr,1H,up-772-03.27.26-1h,500.0
166,2026-03-28 00:00:00,14:35:48,thta,1H,up-772-03.27.26-1h,500.0
167,2026-03-28 00:00:00,14:56:11,pktt,1H,up-772-03.27.26-1h,500.0
168,2026-03-28 00:00:00,15:17:32,ydmf,1H,up-772-03.27.26-1h,500.0
169,2026-03-28 00:00:00,15:58:13,yfii,1H,up-772-03.27.26-1h,500.0
170,2026-03-29 00:00:00,08:04:40,tbef,1H,up-772-03.27.26-1h,500.0
171,2026-03-29 00:00:00,09:08:49,pwvx,1H,up-772-03.27.26-1h,500.0
172,2026-03-29 00:00:00,10:06:09,xyjb,1H,up-772-03.27.26-1h,500.0
173,2026-03-29 00:00:00,10:08:13,jnsn,1H,up-772-03.27.26-1h,500.0
174,2026-03-29 00:00:00,10:45:50,jegp,1H,up-772-03.27.26-1h,500.0
175,2026-03-29 00:00:00,11:00:15,meai,1H,up-772-03.27.26-1h,500.0
176,2026-03-29 00:00:00,13:02:43,fdzm,1H,up-772-03.27.26-1h,500.0
177,2026-03-29 00:00:00,14:09:21,tsyk,1H,up-772-03.27.26-1h,500.0
178,2026-03-29 00:00:00,14:53:39,cimu,1H,up-772-03.27.26-1h,500.0
179,2026-03-29 00:00:00,14:54:10,smif,1H,up-772-03.27.26-1h,500.0
180,2026-03-29 00:00:00,16:21:03,bymp,1H,up-591-03.29.26-,500.0
181,2026-03-29 00:00:00,17:51:14,zmkw,1H,up-571-03.29.26-1h,500.0
182,2026-03-29 00:00:00,17:52:38,tdnp,1H,up-772-03.27.26-1h,500.0
183,2026-03-29 00:00:00,18:01:22,whbm,1H,up-571-03.29.26-1h,500.0
184,2026-03-29 00:00:00,18:54:34,ifkr,1H,up-571-03.29.26-1h,500.0
185,2026-03-30 00:00:00,10:07:06,udfg,1H,up-571-03.29.26-1h,500.0
186,2026-03-30 00:00:00,11:10:07,befi,1H,up-571-03.29.26-1h,500.0
187,2026-03-30 00:00:00,11:12:38,pgwc,1H,up-571-03.29.26-1h,500.0
188,2026-03-30 00:00:00,12:12:46,mdth,1H,up-571-03.29.26-1h,500.0
189,2026-03-30 00:00:00,12:16:37,frak,1H,up-571-03.29.26-1h,500.0
190,2026-03-30 00:00:00,14:30:15,yzhb,1H,up-571-03.29.26-1h,500.0
191,2026-03-30 00:00:00,15:07:28,hena,1H,up-571-03.29.26-1h,500.0
192,2026-03-30 00:00:00,15:08:48,wgfz,1H,up-571-03.29.26-1h,500.0
193,2026-03-30 00:00:00,18:33:52,antp,1H,up-571-03.29.26-1h,500.0
194,2026-03-30 00:00:00,18:58:39,cgzk,1H,up-571-03.29.26-1h,500.0
195,2026-03-30 00:00:00,19:36:51,pzka,1H,up-571-03.29.26-1h,500.0
196,2026-03-30 00:00:00,20:54:07,uxxa,1H,up-571-03.29.26-1h,500.0
197,2026-03-31 00:00:00,08:10:42,emyp,1H,up-571-03.29.26-1h,500.0
198,2026-03-31 00:00:00,09:18:24,jebm,1H,up-571-03.29.26-1h,500.0
199,2026-03-31 00:00:00,09:18:48,gkfx,1H,up-571-03.29.26-1h,500.0
200,2026-03-31 00:00:00,10:15:52,yenj,1H,up-571-03.29.26-1h,500.0
201,2026-03-31 00:00:00,11:17:55,uywn,1H,up-571-03.29.26-1h,500.0
202,2026-03-31 00:00:00,12:20:22,nicb,1H,up-571-03.29.26-1h,500.0
203,2026-03-31 00:00:00,14:24:56,tyrd,1H,up-571-03.29.26-1h,500.0
204,2026-03-31 00:00:00,14:39:33,ijtn,1H,up-571-03.29.26-1h,500.0
205,2026-03-31 00:00:00,15:03:59,grpw,1H,up-571-03.29.26-1h,500.0
206,2026-03-31 00:00:00,15:29:29,vrtf,1H,up-571-03.29.26-1h,500.0
207,2026-03-31 00:00:00,16:02:44,xrsi,1H,up-571-03.29.26-1h,500.0
208,2026-03-31 00:00:00,17:09:24,rzah,1H,up-571-03.29.26-1h,500.0
209,2026-03-31 00:00:00,17:13:27,ukvw,1H,up-571-03.29.26-1h,500.0
210,2026-03-31 00:00:00,18:15:19,fgup,1H,up-571-03.29.26-1h,500.0
211,2026-03-31 00:00:00,18:33:51,gsvc,1H,up-571-03.29.26-1h,500.0
212,2026-03-31 00:00:00,19:02:14,iswk,1H,up-571-03.29.26-1h,500.0
213,2026-03-31 00:00:00,19:33:19,xfpc,1H,up-571-03.29.26-1h,500.0
214,2026-04-01 00:00:00,08:09:31,rfsh,1H,up-832-03.31.26-1h,500.0
215,2026-04-01 00:00:00,08:28:00,yczv,1H,up-571-03.29.26-1h,500.0
216,2026-04-01 00:00:00,08:28:21,uvbu,1H,up-571-03.29.26-1h,500.0
217,2026-04-01 00:00:00,08:43:59,rged,1H,up-832-03.31.26-1h,500.0
218,2026-04-01 00:00:00,09:15:03,ydyj,1H,up-832-03.31.26-1h,500.0
219,2026-04-01 00:00:00,09:41:42,kfic,1H,up-832-03.31.26-1h,500.0
220,2026-04-01 00:00:00,15:08:23,ytsf,1H,up-832-03.31.26-1h,500.0
221,2026-04-01 00:00:00,17:26:22,adun,1H,up-832-03.31.26-1h,500.0
222,2026-04-01 00:00:00,19:12:38,zjxk,1H,up-832-03.31.26-1h,500.0
223,2026-04-02 00:00:00,07:51:26,zmne,1H,up-832-03.31.26-1h,500.0
224,2026-04-02 00:00:00,08:54:54,hvdj,1H,up-832-03.31.26-1h,500.0
225,2026-04-02 00:00:00,10:03:08,hydp,1H,up-832-03.31.26-1h,500.0
226,2026-04-02 00:00:00,11:07:07,pmau,1H,up-832-03.31.26-1h,500.0
227,2026-04-02 00:00:00,17:46:47,jupr,1H,up-832-03.31.26-1h,500.0
228,2026-04-02 00:00:00,18:12:14,jfwt,1H,up-832-03.31.26-1h,500.0
229,2026-04-02 00:00:00,18:48:33,esxw,1H,up-832-03.31.26-1h,500.0
230,2026-04-02 00:00:00,19:08:54,kkxa,1H,up-832-03.31.26-1h,500.0
231,2026-04-03 00:00:00,09:40:06,jugb,1H,up-832-03.31.26-1h,500.0
232,2026-04-03 00:00:00,10:21:28,rbgi,1H,up-832-03.31.26-1h,500.0
233,2026-04-03 00:00:00,10:29:54,xjpg,1H,up-832-03.31.26-1h,500.0
234,2026-04-03 00:00:00,13:05:49,gsnk,1H,up-832-03.31.26-1h,500.0
235,2026-04-03 00:00:00,14:11:43,hspv,1H,up-832-03.31.26-1h,500.0
236,2026-04-03 00:00:00,17:42:24,wisn,1H,up-832-03.31.26-1h,500.0
237,2026-04-03 00:00:00,17:54:47,etcd,1H,up-832-03.31.26-1h,500.0
238,2026-04-03 00:00:00,18:13:48,kjbr,1H,up-832-03.31.26-1h,500.0
239,2026-04-03 00:00:00,18:58:49,jzie,1H,up-571-03.29.26-1h,500.0
240,2026-04-03 00:00:00,18:58:52,ddid,1H,up-571-03.29.26-1h,500.0
241,2026-04-03 00:00:00,19:02:07,pduu,1H,up-832-03.31.26-1h,500.0
242,2026-04-03 00:00:00,19:15:49,vmgz,1H,up-832-03.31.26-1h,500.0
243,2026-04-03 00:00:00,19:15:54,xspc,1H,up-832-03.31.26-1h,500.0
244,2026-04-03 00:00:00,19:23:56,wier,1H,up-832-03.31.26-1h,500.0
245,2026-04-03 00:00:00,19:47:58,wesp,1H,up-832-03.31.26-1h,500.0
246,2026-04-03 00:00:00,19:55:46,tnde,1H,up-832-03.31.26-1h,500.0
247,2026-04-03 00:00:00,20:11:40,tpmr,1H,up-832-03.31.26-1h,500.0
248,2026-04-03 00:00:00,20:20:55,dhyn,1H,up-832-03.31.26-1h,500.0
249,2026-04-04 00:00:00,10:01:25,ficb,1H,up-832-03.31.26-1h,500.0
250,2026-04-04 00:00:00,13:35:11,xnfy,1H,up-832-03.31.26-1h,500.0
251,2026-04-04 00:00:00,18:52:26,jjgb,1H,up-743-04.04.26-1h,500.0
252,2026-04-04 00:00:00,20:29:59,jpsx,1H,up-743-04.04.26-1h,500.0
253,2026-04-04 00:00:00,20:34:55,sdzu,1H,up-743-04.04.26-1h,500.0
254,2026-04-05 00:00:00,11:15:06,cbfi,1H,up-743-04.04.26-1h,500.0
255,2026-04-05 00:00:00,12:56:50,xbpf,1H,up-743-04.04.26-1h,500.0
256,2026-04-05 00:00:00,13:10:58,mvrb,1H,up-743-04.04.26-1h,500.0
257,2026-04-05 00:00:00,13:34:12,erdw,1H,up-743-04.04.26-1h,500.0
258,2026-04-05 00:00:00,14:37:00,smbd,1H,up-743-04.04.26-1h,500.0
259,2026-04-05 00:00:00,14:45:17,chdb,1H,up-743-04.04.26-1h,500.0
260,2026-04-05 00:00:00,17:11:32,gfcb,1H,up-743-04.04.26-1h,500.0
261,2026-04-05 00:00:00,19:20:00,seas,1H,up-743-04.04.26-1h,500.0
262,2026-04-05 00:00:00,19:21:20,wumg,1H,up-743-04.04.26-1h,500.0
263,2026-04-05 00:00:00,20:34:35,tbji,1H,up-743-04.04.26-1h,500.0
264,2026-04-06 00:00:00,10:49:09,hjwv,1H,up-743-04.04.26-1h,500.0
265,2026-04-06 00:00:00,11:11:27,aedh,1H,up-743-04.04.26-1h,500.0
266,2026-04-06 00:00:00,11:54:34,spxj,1H,up-743-04.04.26-1h,500.0
267,2026-04-06 00:00:00,12:13:14,tskd,1H,up-743-04.04.26-1h,500.0
268,2026-04-06 00:00:00,13:11:39,dtyu,1H,up-743-04.04.26-1h,500.0
269,2026-04-06 00:00:00,13:11:50,abhe,1H,up-743-04.04.26-1h,500.0
270,2026-04-06 00:00:00,13:14:19,amyg,1H,up-743-04.04.26-1h,500.0
271,2026-04-06 00:00:00,15:36:58,whkk,1H,up-743-04.04.26-1h,500.0
272,2026-04-06 00:00:00,18:21:02,sizu,1H,up-743-04.04.26-1h,500.0
273,2026-04-06 00:00:00,18:50:14,nkdy,1H,up-743-04.04.26-1h,500.0
274,2026-04-06 00:00:00,19:11:34,vzvv,1H,up-743-04.04.26-1h,500.0
275,2026-04-07 00:00:00,08:25:49,cvck,1H,up-743-04.04.26-1h,500.0
276,2026-04-07 00:00:00,08:56:39,gctz,1H,up-743-04.04.26-1h,500.0
277,2026-04-07 00:00:00,08:57:32,znza,1H,up-743-04.04.26-1h,500.0
278,2026-04-07 00:00:00,09:14:03,feei,1H,up-743-04.04.26-1h,500.0
279,2026-04-07 00:00:00,09:22:34,amak,1H,up-743-04.04.26-1h,500.0
280,2026-04-07 00:00:00,10:33:16,trvd,1H,up-743-04.04.26-1h,500.0
281,2026-04-07 00:00:00,10:53:50,mmzh,1H,up-743-04.04.26-1h,500.0
282,2026-04-07 00:00:00,11:21:38,xzrv,1H,up-743-04.04.26-1h,500.0
283,2026-04-07 00:00:00,11:21:47,cgzu,1H,up-743-04.04.26-1h,500.0
284,2026-04-07 00:00:00,11:41:54,gcft,1H,up-380-04.07.26-1h,500.0
285,2026-04-07 00:00:00,11:53:22,yzat,1H,up-743-04.04.26-1h,500.0
286,2026-04-07 00:00:00,12:00:53,ekep,1H,up-380-04.07.26-1h,500.0
287,2026-04-07 00:00:00,12:39:51,mtiz,1H,up-380-04.07.26-1h,500.0
288,2026-04-07 00:00:00,12:57:47,ghrp,1H,up-380-04.07.26-1h,500.0
289,2026-04-07 00:00:00,15:45:00,nady,1H,up-380-04.07.26-1h,500.0
290,2026-04-07 00:00:00,16:34:44,ixny,1H,up-380-04.07.26-1h,500.0
291,2026-04-08 00:00:00,11:07:40,pbed,1H,up-380-04.07.26-1h,500.0
292,2026-04-08 00:00:00,14:52:40,agfv,1H,up-380-04.07.26-1h,500.0
293,2026-04-08 00:00:00,15:50:39,wyyj,1H,up-380-04.07.26-1h,500.0
294,2026-04-08 00:00:00,16:53:29,hmjh,1H,up-380-04.07.26-1h,500.0
295,2026-04-08 00:00:00,16:54:06,fefb,1H,up-380-04.07.26-1h,500.0
296,2026-04-08 00:00:00,16:58:10,rjng,1H,up-380-04.07.26-1h,500.0
297,2026-04-08 00:00:00,16:58:34,zehe,1H,up-380-04.07.26-1h,500.0
298,2026-04-08 00:00:00,16:59:45,zhnc,1H,up-380-04.07.26-1h,500.0
299,2026-04-08 00:00:00,17:11:24,wrxv,1H,up-380-04.07.26-1h,500.0
300,2026-04-08 00:00:00,18:08:04,tpdb,1H,up-380-04.07.26-1h,500.0
301,2026-04-08 00:00:00,18:13:15,pytx,1H,up-380-04.07.26-1h,500.0
302,2026-04-08 00:00:00,19:25:03,nzmy,1H,up-380-04.07.26-1h,500.0
303,2026-04-09 00:00:00,09:45:02,rtcy,1H,up-380-04.07.26-1h,500.0
304,2026-04-08 00:00:00,04:23:52,snpy,1H,up-380-04.07.26-1h,500.0
305,2026-04-08 00:00:00,04:24:06,zdmw,1H,up-380-04.07.26-1h,500.0
306,2026-04-09 00:00:00,13:59:09,vfyp,1H,up-380-04.07.26-1h,500.0
307,2026-04-09 00:00:00,14:52:34,vszj,1H,up-380-04.07.26-1h,500.0
308,2026-04-09 00:00:00,18:42:27,dmwk,1H,up-380-04.07.26-1h,500.0
309,2026-04-10 00:00:00,12:29:20,hncs,1H,up-380-04.07.26-1h,500.0
310,2026-04-10 00:00:00,12:44:18,nfef,1H,up-380-04.07.26-1h,500.0
311,2026-04-10 00:00:00,12:44:51,uesb,1H,up-380-04.07.26-1h,500.0
312,2026-04-10 00:00:00,13:35:59,ybyc,1H,up-380-04.07.26-1h,500.0
313,2026-04-10 00:00:00,13:47:33,nnpg,1H,up-380-04.07.26-1h,500.0
314,2026-04-10 00:00:00,14:04:28,ntkh,1H,up-380-04.07.26-1h,500.0
315,2026-04-10 00:00:00,14:55:23,xkxa,1H,up-339-04.10.26-1h,500.0
316,2026-04-10 00:00:00,14:56:45,gkrz,1H,up-339-04.10.26-1h,500.0
317,2026-04-10 00:00:00,15:00:55,zxiy,1H,up-339-04.10.26-1h,500.0
318,2026-04-10 00:00:00,16:33:42,jmht,1H,up-339-04.10.26-1h,500.0
319,2026-04-10 00:00:00,17:04:09,rksm,1H,up-339-04.10.26-1h,500.0
320,2026-04-10 00:00:00,17:07:42,inxi,1H,up-339-04.10.26-1h,500.0
321,2026-04-10 00:00:00,17:36:20,avuj,1H,up-339-04.10.26-1h,500.0
322,2026-04-10 00:00:00,20:20:33,zpeg,1H,up-339-04.10.26-1h,500.0
323,2026-04-11 00:00:00,16:14:26,dyhm,1H,up-339-04.10.26-1h,500.0
324,2026-04-11 00:00:00,16:45:27,ymut,1H,up-339-04.10.26-1h,500.0
325,2026-04-11 00:00:00,17:03:37,dwzg,1H,up-339-04.10.26-1h,500.0
326,2026-04-11 00:00:00,17:58:31,hfvm,1H,up-339-04.10.26-1h,500.0
327,2026-04-11 00:00:00,17:59:56,cswn,1H,up-339-04.10.26-1h,500.0
328,2026-04-11 00:00:00,19:02:26,jfva,1H,up-339-04.10.26-1h,500.0
329,2026-04-11 00:00:00,19:21:44,ymjt,1H,up-339-04.10.26-1h,500.0
330,2026-04-11 00:00:00,19:22:32,hwpb,1H,up-339-04.10.26-1h,500.0
331,2026-04-11 00:00:00,20:00:46,jkdj,1H,up-339-04.10.26-1h,500.0
332,2026-04-12 00:00:00,09:10:13,zgrt,1H,up-339-04.10.26-1h,500.0
333,2026-04-12 00:00:00,09:15:00,uhcn,1H,up-339-04.10.26-1h,500.0
334,2026-04-12 00:00:00,09:45:57,ytzz,1H,up-339-04.10.26-1h,500.0
335,2026-04-12 00:00:00,12:03:06,bejb,1H,up-339-04.10.26-1h,500.0
336,2026-04-12 00:00:00,13:17:32,xren,1H,up-339-04.10.26-1h,500.0
337,2026-04-12 00:00:00,17:32:36,mvfd,1H,up-380-04.07.26-1h,500.0
338,2026-04-12 00:00:00,17:40:32,xezh,1H,up-339-04.10.26-1h,500.0
339,2026-04-12 00:00:00,18:32:34,fxgv,1H,up-339-04.10.26-1h,500.0
340,2026-04-12 00:00:00,19:34:09,psys,1H,up-339-04.10.26-1h,500.0
341,2026-04-12 00:00:00,19:45:17,hyfz,1H,up-339-04.10.26-1h,500.0
342,2026-04-12 00:00:00,20:18:01,fady,1H,up-339-04.10.26-1h,500.0
343,2026-04-12 00:00:00,21:21:04,yffy,1H,up-339-04.10.26-1h,500.0
344,2026-04-13 00:00:00,10:23:07,zmzc,1H,up-339-04.10.26-1h,500.0
345,2026-04-13 00:00:00,10:23:50,ajsd,1H,up-339-04.10.26-1h,500.0
346,2026-04-13 00:00:00,10:42:53,fhxx,1H,up-339-04.10.26-1h,500.0
347,2026-04-13 00:00:00,10:45:17,xzzi,1H,up-339-04.10.26-1h,500.0
348,2026-04-13 00:00:00,11:27:52,mytp,1H,up-339-04.10.26-1h,500.0
349,2026-04-13 00:00:00,17:04:23,tdpw,1H,up-730-04.13.26-1h,500.0
350,2026-04-13 00:00:00,19:46:59,jbdh,1H,up-730-04.13.26-1h,500.0
351,2026-04-14 00:00:00,08:09:29,sgbc,1H,up-730-04.13.26-1h,500.0
352,2026-04-14 00:00:00,08:15:34,rfzx,1H,up-730-04.13.26-1h,500.0
353,2026-04-14 00:00:00,10:45:29,rujf,1H,up-730-04.13.26-1h,500.0
354,2026-04-14 00:00:00,11:46:06,bjde,1H,up-730-04.13.26-1h,500.0
355,2026-04-14 00:00:00,14:53:41,vvab,1H,up-730-04.13.26-1h,500.0
356,2026-04-14 00:00:00,15:56:09,ypnn,1H,up-730-04.13.26-1h,500.0
357,2026-04-14 00:00:00,18:28:40,hpyb,1H,up-730-04.13.26-1h,500.0
358,2026-04-15 00:00:00,13:22:27,nxhf,1H,up-730-04.13.26-1h,500.0
359,2026-04-15 00:00:00,14:13:31,cnjc,1H,up-730-04.13.26-1h,500.0
360,2026-04-15 00:00:00,14:24:08,zjmn,1H,up-730-04.13.26-1h,500.0
361,2026-04-15 00:00:00,16:21:04,hjba,1H,up-730-04.13.26-1h,500.0
362,2026-04-15 00:00:00,16:45:51,pigs,1H,up-730-04.13.26-1h,500.0
363,2026-04-15 00:00:00,17:39:41,ihct,1H,up-730-04.13.26-1h,500.0
364,2026-04-15 00:00:00,20:29:38,ftsj,1H,up-730-04.13.26-1h,500.0
365,2026-04-16 00:00:00,08:12:52,rygg,1H,up-730-04.13.26-1h,500.0
366,2026-04-16 00:00:00,12:40:50,tmad,1H,up-730-04.13.26-1h,500.0
367,2026-04-16 00:00:00,14:04:11,nsuz,1H,up-730-04.13.26-1h,500.0
368,2026-04-16 00:00:00,16:03:40,jtfh,1H,up-730-04.13.26-1h,500.0
369,2026-04-16 00:00:00,18:45:53,wjmb,1H,up-730-04.13.26-1h,500.0
370,2026-04-16 00:00:00,19:51:44,ydvi,1H,up-730-04.13.26-1h,500.0
371,2026-04-16 00:00:00,19:53:40,xmvn,1H,up-730-04.13.26-1h,500.0
372,2026-04-16 00:00:00,19:54:14,cmbu,1H,up-730-04.13.26-1h,500.0
373,2026-04-17 00:00:00,11:15:49,xxvi,1H,up-730-04.13.26-1h,500.0
374,2026-04-17 00:00:00,11:18:25,uujx,1H,up-730-04.13.26-1h,500.0
375,2026-04-17 00:00:00,11:50:12,pabc,1H,up-730-04.13.26-1h,500.0
376,2026-04-17 00:00:00,11:53:30,bgvb,1H,up-730-04.13.26-1h,500.0
377,2026-04-17 00:00:00,13:12:35,pyfy,1H,up-730-04.13.26-1h,500.0
378,2026-04-17 00:00:00,15:32:51,urjf,1H,up-730-04.13.26-1h,500.0
379,2026-04-17 00:00:00,15:58:23,ixkv,1H,up-339-04.10.26-1h,500.0
380,2026-04-17 00:00:00,16:39:05,bihv,1H,up-730-04.13.26-1h,500.0
381,2026-04-17 00:00:00,16:50:01,bctz,1H,up-339-04.10.26-1h,500.0
382,2026-04-17 00:00:00,17:00:59,btje,1H,up-730-04.13.26-1h,500.0
383,2026-04-17 00:00:00,17:31:11,rehx,1H,up-730-04.13.26-1h,500.0
384,2026-04-17 00:00:00,18:00:38,tyyx,1H,up-730-04.13.26-1h,500.0
385,2026-04-17 00:00:00,18:24:03,zcbf,1H,up-339-04.10.26-1h,500.0
386,2026-04-17 00:00:00,18:38:04,acvv,1H,up-734-04.17.26-,500.0
387,2026-04-17 00:00:00,19:55:26,gkhc,1H,up-331-04.17.26-1h,500.0
388,2026-04-17 00:00:00,20:27:42,gepy,1H,up-331-04.17.26-1h,500.0
389,2026-04-18 00:00:00,08:46:07,ikzt,1H,up-331-04.17.26-1h,500.0
390,2026-04-18 00:00:00,10:23:01,spgc,1H,up-331-04.17.26-1h,500.0
391,2026-04-18 00:00:00,10:23:21,gwxk,1H,up-331-04.17.26-1h,500.0
392,2026-04-18 00:00:00,12:57:04,fnpc,1H,up-331-04.17.26-1h,500.0
393,2026-04-18 00:00:00,13:27:07,rrur,1H,up-331-04.17.26-1h,500.0
394,2026-04-18 00:00:00,14:34:08,ijdi,1H,up-331-04.17.26-1h,500.0
395,2026-04-18 00:00:00,18:22:00,fshc,1H,up-331-04.17.26-1h,500.0
396,2026-04-18 00:00:00,20:16:16,jres,1H,up-331-04.17.26-1h,500.0
397,2026-04-19 00:00:00,09:41:04,ywfv,1H,up-331-04.17.26-1h,500.0
398,2026-04-19 00:00:00,11:05:59,pznj,1H,up-331-04.17.26-1h,500.0
399,2026-04-19 00:00:00,11:57:50,vnmf,1H,up-331-04.17.26-1h,500.0
400,2026-04-19 00:00:00,12:03:27,wtnn,1H,up-331-04.17.26-1h,500.0
401,2026-04-19 00:00:00,12:59:33,bvfk,1H,up-331-04.17.26-1h,500.0
402,2026-04-19 00:00:00,13:10:13,xzam,1H,up-331-04.17.26-1h,500.0
403,2026-04-19 00:00:00,13:22:34,xkce,1H,up-331-04.17.26-1h,500.0
404,2026-04-19 00:00:00,13:48:20,sjyg,1H,up-331-04.17.26-1h,500.0
405,2026-04-19 00:00:00,14:20:55,zhxs,1H,up-331-04.17.26-1h,500.0
406,2026-04-19 00:00:00,14:44:29,anhx,1H,up-331-04.17.26-1h,500.0
407,2026-04-19 00:00:00,15:48:59,dkhr,1H,up-331-04.17.26-1h,500.0
408,2026-04-19 00:00:00,16:58:01,fhur,1H,up-331-04.17.26-1h,500.0
409,2026-04-19 00:00:00,17:06:49,cwdd,1H,up-331-04.17.26-1h,500.0
410,2026-04-19 00:00:00,17:30:14,btev,1H,up-331-04.17.26-1h,500.0
411,2026-04-19 00:00:00,17:38:55,szea,1H,up-331-04.17.26-1h,500.0
412,2026-04-19 00:00:00,18:06:53,euym,1H,up-331-04.17.26-1h,500.0
413,2026-04-19 00:00:00,19:06:17,knkt,1H,up-331-04.17.26-1h,500.0
414,2026-04-20 00:00:00,08:16:34,iveu,1H,up-331-04.17.26-1h,500.0
415,2026-04-20 00:00:00,09:31:44,zzcw,1H,up-331-04.17.26-1h,500.0
416,2026-04-20 00:00:00,10:11:23,raus,1H,up-331-04.17.26-1h,500.0
417,2026-04-20 00:00:00,10:13:50,hkpz,1H,up-331-04.17.26-1h,500.0
418,2026-04-20 00:00:00,10:25:34,haiu,1H,up-331-04.17.26-1h,500.0
419,2026-04-20 00:00:00,12:00:50,bpwt,1H,up-331-04.17.26-1h,500.0
420,2026-04-20 00:00:00,14:28:43,tevd,1H,up-331-04.17.26-1h,500.0
421,2026-04-20 00:00:00,15:33:51,gyfs,1H,up-331-04.17.26-1h,500.0
422,2026-04-20 00:00:00,16:36:12,ubvy,1H,up-331-04.17.26-1h,500.0
423,2026-04-20 00:00:00,17:17:19,ezys,1H,up-508-04.20.26-,500.0
424,2026-04-20 00:00:00,17:58:37,zwhf,1H,up-424-04.20.26-1h,500.0
425,2026-04-20 00:00:00,18:19:17,vyge,1H,up-424-04.20.26-1h,500.0
426,2026-04-20 00:00:00,18:49:19,drxe,1H,up-424-04.20.26-1h,500.0
427,2026-04-20 00:00:00,19:59:53,gazb,1H,up-424-04.20.26-1h,500.0
428,2026-04-21 00:00:00,09:29:05,nejy,1H,up-424-04.20.26-1h,500.0
429,2026-04-21 00:00:00,10:36:40,ngud,1H,up-424-04.20.26-1h,500.0
430,2026-04-21 00:00:00,12:37:47,drxg,1H,up-424-04.20.26-1h,500.0
431,2026-04-21 00:00:00,15:20:35,jdbc,1H,up-424-04.20.26-1h,500.0
432,2026-04-21 00:00:00,18:59:16,rnff,1H,up-424-04.20.26-1h,500.0
433,2026-04-22 00:00:00,08:35:47,psnw,1H,up-424-04.20.26-1h,500.0
434,2026-04-22 00:00:00,09:37:11,zyia,1H,up-424-04.20.26-1h,500.0
435,2026-04-22 00:00:00,09:37:52,wwrg,1H,up-424-04.20.26-1h,500.0
436,2026-04-22 00:00:00,10:08:49,vjmg,1H,up-424-04.20.26-1h,500.0
437,2026-04-22 00:00:00,11:20:13,wkyy,1H,up-424-04.20.26-1h,500.0
438,2026-04-22 00:00:00,11:46:45,dida,1H,up-424-04.20.26-1h,500.0
439,2026-04-22 00:00:00,11:50:39,fjhn,1H,up-424-04.20.26-1h,500.0
440,2026-04-22 00:00:00,13:53:19,ehfk,1H,up-424-04.20.26-1h,500.0
441,2026-04-22 00:00:00,14:17:49,vayy,1H,up-424-04.20.26-1h,500.0
442,2026-04-22 00:00:00,14:20:22,yfie,1H,up-424-04.20.26-1h,500.0
443,2026-04-22 00:00:00,14:50:38,hxeg,1H,up-424-04.20.26-1h,500.0
444,2026-04-22 00:00:00,15:48:47,usve,1H,up-424-04.20.26-1h,500.0
445,2026-04-22 00:00:00,15:50:54,ryvk,1H,up-424-04.20.26-1h,500.0
446,2026-04-22 00:00:00,16:26:21,gcdx,1H,up-424-04.20.26-1h,500.0
447,2026-04-22 00:00:00,16:36:32,tfzt,1H,up-424-04.20.26-1h,500.0
448,2026-04-22 00:00:00,16:59:45,rfsn,1H,up-424-04.20.26-1h,500.0
449,2026-04-23 00:00:00,08:51:15,gvkd,1H,up-609-04.22.26-1h,500.0
450,2026-04-23 00:00:00,11:27:39,ytpg,1H,up-609-04.22.26-1h,500.0
451,2026-04-23 00:00:00,12:01:29,rpki,1H,up-609-04.22.26-1h,500.0
452,2026-04-23 00:00:00,12:33:01,eyhs,1H,up-609-04.22.26-1h,500.0
453,2026-04-23 00:00:00,12:33:27,nmyr,1H,up-609-04.22.26-1h,500.0
454,2026-04-23 00:00:00,13:05:28,crww,1H,up-609-04.22.26-1h,500.0
455,2026-04-23 00:00:00,13:40:16,efih,1H,up-609-04.22.26-1h,500.0
456,2026-04-23 00:00:00,15:59:46,ficg,1H,up-609-04.22.26-1h,500.0
457,2026-04-23 00:00:00,16:00:13,wpxf,1H,up-609-04.22.26-1h,500.0
458,2026-04-23 00:00:00,16:00:16,itee,1H,up-609-04.22.26-1h,500.0
459,2026-04-23 00:00:00,16:00:22,verk,1H,up-609-04.22.26-1h,500.0
460,2026-04-23 00:00:00,16:21:38,ytgw,1H,up-609-04.22.26-1h,500.0
461,2026-04-23 00:00:00,16:39:23,exmh,1H,up-609-04.22.26-1h,500.0
462,2026-04-23 00:00:00,17:45:10,tnng,1H,up-609-04.22.26-1h,500.0
463,2026-04-23 00:00:00,19:47:37,rsph,1H,up-609-04.22.26-1h,500.0
464,2026-04-24 00:00:00,11:06:06,pizj,1H,up-424-04.20.26-1h,500.0
465,2026-04-24 00:00:00,11:35:17,zzmy,1H,up-424-04.20.26-1h,500.0
466,2026-04-24 00:00:00,09:10:43,uvzy,1H,up-609-04.22.26-1h,500.0
467,2026-04-24 00:00:00,09:36:05,xcjv,1H,up-609-04.22.26-1h,500.0
468,2026-04-24 00:00:00,10:01:08,dakm,1H,up-609-04.22.26-1h,500.0
469,2026-04-24 00:00:00,10:38:50,ckyb,1H,up-609-04.22.26-1h,500.0
470,2026-04-24 00:00:00,12:41:01,rsgr,1H,up-609-04.22.26-1h,500.0
471,2026-04-25 00:00:00,11:07:16,hrvr,1H,up-609-04.22.26-1h,500.0
472,2026-04-25 00:00:00,14:53:43,kvec,1H,up-609-04.22.26-1h,500.0
473,2026-04-25 00:00:00,14:59:29,nyev,1H,up-609-04.22.26-1h,500.0
474,2026-04-25 00:00:00,15:56:16,krwm,1H,up-609-04.22.26-1h,500.0
475,2026-04-25 00:00:00,15:56:24,thai,1H,up-609-04.22.26-1h,500.0
476,2026-04-25 00:00:00,16:03:10,spdw,1H,up-609-04.22.26-1h,500.0
477,2026-04-25 00:00:00,16:47:51,tzgn,1H,up-609-04.22.26-1h,500.0
478,2026-04-25 00:00:00,17:07:18,ujgj,1H,up-609-04.22.26-1h,500.0
479,2026-04-25 00:00:00,19:17:50,grxv,1H,up-609-04.22.26-1h,500.0
480,2026-04-26 00:00:00,09:45:07,cgyz,1H,up-609-04.22.26-1h,500.0
481,2026-04-26 00:00:00,10:21:02,kbpr,1H,up-609-04.22.26-1h,500.0
482,2026-04-26 00:00:00,10:21:35,ygds,1H,up-609-04.22.26-1h,500.0
483,2026-04-26 00:00:00,10:29:08,jpxj,1H,up-609-04.22.26-1h,500.0
484,2026-04-26 00:00:00,11:06:34,vbfi,1H,up-609-04.22.26-1h,500.0
485,2026-05-01 00:00:00,07:01:42,dpxa,1H,up-,500.0
486,2026-05-01 00:00:00,08:54:18,pddp,1H,up-,500.0
487,2026-05-01 00:00:00,08:55:36,steb,1H,up-,500.0
488,2026-05-01 00:00:00,10:13:53,djxy,1H,up-,500.0
489,2026-05-01 00:00:00,10:32:51,ytpx,1H,up-,500.0
490,2026-05-01 00:00:00,11:19:39,xjzz,1H,up-,500.0
491,2026-05-01 00:00:00,12:04:20,fbkd,1H,up-,500.0
492,2026-05-01 00:00:00,12:19:37,wavm,1H,up-,500.0
493,2026-05-01 00:00:00,13:15:34,yadn,1H,up-,500.0
494,2026-05-01 00:00:00,16:59:19,bawx,1H,up-632-05.01.26-,500.0
495,2026-05-01 00:00:00,17:22:51,mdtf,1H,up-,500.0
496,2026-05-01 00:00:00,18:17:16,nrar,1H,up-,500.0
497,2026-05-02 00:00:00,06:01:11,fryw,1H,up-862-05.02.26-,500.0
498,2026-05-02 00:00:00,06:05:49,cvxk,1H,up-279-05.02.26-,500.0
499,2026-05-02 00:00:00,06:25:49,desz,1H,up-835-05.02.26-,500.0
500,2026-05-02 00:00:00,06:50:22,ppnd,1H,up-864-05.02.26-,500.0
501,2026-05-02 00:00:00,07:01:11,hrxj,1H,up-864-05.02.26-,500.0
502,2026-05-02 00:00:00,19:30:45,mcza,1H,up-,500.0
503,2025-12-30,00:00:00,cjan,ILLIMITER-1mois-,up-147-12.30.25-ILLIMITER,0.0
504,2025-12-31,00:00:00,smzj,ILLIMITER-1mois-,up-238-12.31.25-dada,0.0
505,2025-12-31,00:00:00,vjrt,ILLIMITER-1mois-,up-238-12.31.25-dada,0.0
506,2026-01-02,00:00:00,jvmg,1H,up-896-01.02.26-fifa,500.0
507,2026-05-04,11:18:31,fifa,1H,2026-05-04 11:18:31,500.0
508,2026-01-03,00:00:00,hmtm,1H,up-875-01.03.26-,500.0
509,2026-01-03,00:00:00,nkdh,1H,up-875-01.03.26-,500.0
510,2026-01-03,00:00:00,xakt,1H,up-875-01.03.26-,500.0
511,2026-01-03,00:00:00,exii,1H,up-875-01.03.26-,500.0
512,2026-05-02,15:06:18,frwb,1H,2026-05-02 15:06:18,500.0
513,2026-05-02,16:22:17,ifde,1H,2026-05-02 16:22:17,500.0
514,2026-05-03,13:27:49,cxfb,1H,2026-05-03 13:27:49,500.0
515,2026-05-01,19:50:01,wzem,1H,2026-05-01 19:50:01,500.0
516,2026-05-03,12:11:35,rvsh,1H,2026-05-03 12:11:35,500.0
517,2026-05-03,13:24:52,juvy,1H,2026-05-03 13:24:52,500.0
518,2026-05-03,12:54:44,fecv,1H,2026-05-03 12:54:44,500.0
519,2026-05-03,11:37:04,vgdu,1H,2026-05-03 11:37:04,500.0
520,2026-05-03,10:52:34,hdrm,1H,2026-05-03 10:52:34,500.0
521,,00:00:00,mhza,1H,up-,500.0
522,2026-05-01,19:43:44,vfkk,1H,2026-05-01 19:43:44,500.0
523,2026-05-03,19:26:27,zcfn,1H,2026-05-03 19:26:27,500.0
524,2026-05-02,11:26:08,uxen,1H,2026-05-02 11:26:08,500.0
525,2026-05-02,13:21:21,hnrj,1H,2026-05-02 13:21:21,500.0
526,2026-05-03,18:15:00,nvtd,1H,2026-05-03 18:15:00,500.0
527,2026-05-03,18:36:40,uanr,1H,2026-05-03 18:36:40,500.0
528,2026-05-03,18:51:30,jwac,1H,2026-05-03 18:51:30,500.0
529,,00:00:00,nkrv,1H,up-,500.0
530,,00:00:00,dkak,1H,up-,500.0
531,2026-05-02,00:00:00,mcbn,1H,up-155-05.02.26-,500.0
532,2026-05-02,07:57:12,brna,1H,2026-05-02 07:57:12,500.0
533,2026-05-03,17:13:49,myxx,1H,2026-05-03 17:13:49,500.0
534,2026-05-03,00:00:00,hdth,1H,up-860-05.03.26-,500.0
535,2026-05-03,00:00:00,zjtn,1H,up-860-05.03.26-,500.0
536,2026-05-03,00:00:00,njpt,1H,up-860-05.03.26-,500.0
537,2026-05-03,00:00:00,wxdm,1H,up-860-05.03.26-,500.0
538,2026-05-03,00:00:00,rrbu,1H,up-860-05.03.26-,500.0
539,2026-05-04,17:59:46,huwe,1H,2026-05-04 17:59:46,500.0
540,2026-05-03,00:00:00,etrg,1H,up-352-05.03.26-,500.0
541,2026-05-03,00:00:00,dmtp,1H,up-352-05.03.26-,500.0
542,2026-05-03,19:42:41,auwx,1H,2026-05-03 19:42:41,500.0
543,2026-05-03,00:00:00,khvw,1H,up-352-05.03.26-,500.0
544,2026-05-03,00:00:00,hxhh,1H,up-352-05.03.26-,500.0
545,2026-05-03,19:41:25,ffdz,1H,2026-05-03 19:41:25,500.0
546,2026-05-03,00:00:00,bcap,1H,up-352-05.03.26-,500.0
547,2026-05-03,00:00:00,mgsy,1H,up-352-05.03.26-,500.0
548,2026-05-03,00:00:00,gkxt,1H,up-352-05.03.26-,500.0
549,2026-05-04,18:54:15,eijt,1H,2026-05-04 18:54:15,500.0
550,2026-05-03,00:00:00,zwat,1H,up-352-05.03.26-,500.0
551,2026-05-03,00:00:00,jpji,1H,up-352-05.03.26-,500.0
552,2026-05-04,19:36:40,diim,1H,2026-05-04 19:36:40,500.0
553,2026-05-03,00:00:00,bxpw,1H,up-352-05.03.26-,500.0
554,2026-05-03,00:00:00,vzxd,1H,up-352-05.03.26-,500.0
555,2026-05-03,00:00:00,dgae,1H,up-352-05.03.26-,500.0
556,2026-05-03,00:00:00,xsss,1H,up-352-05.03.26-,500.0
557,2026-05-05,11:47:13,uvri,1H,2026-05-05 11:47:13,500.0
558,2026-05-05,20:31:16,kksa,1H,2026-05-05 20:31:16,500.0
559,2026-05-06,09:44:49,vimi,1H,2026-05-06 09:44:49,500.0
560,2026-05-05,11:41:10,mhxe,1H,2026-05-05 11:41:10,500.0
561,2026-05-05,19:02:34,hbpf,1H,2026-05-05 19:02:34,500.0
562,2026-05-03,00:00:00,aghf,1H,up-352-05.03.26-,500.0
563,2026-05-04,17:15:29,hvwy,1H,2026-05-04 17:15:29,500.0
564,2026-05-04,09:01:55,aizc,1H,2026-05-04 09:01:55,500.0
565,2026-05-05,11:38:33,vsim,1H,2026-05-05 11:38:33,500.0
566,2026-05-05,12:42:56,knww,1H,2026-05-05 12:42:56,500.0
567,2026-05-03,00:00:00,trcx,1H,up-352-05.03.26-,500.0
568,2026-05-03,00:00:00,iuyj,1H,up-352-05.03.26-,500.0
569,2026-05-05,11:53:45,dsac,1H,2026-05-05 11:53:45,500.0
570,2026-05-06,11:27:22,udfv,1H,2026-05-06 11:27:22,500.0
571,2026-05-03,00:00:00,awee,1H,up-352-05.03.26-,500.0
572,2026-05-03,00:00:00,rpub,1H,up-352-05.03.26-,500.0
573,2026-05-03,00:00:00,hbpc,1H,up-352-05.03.26-,500.0
574,2026-05-05,09:09:34,ycmd,1H,2026-05-05 09:09:34,500.0
575,2026-05-04,00:00:00,pxrz,1H,up-217-05.04.26-,500.0
